week_start,department,rain_mm,temp_mean_c,source
2024-01-01,Plateau,16.5,29.0,Open-Meteo Archive / CHIRPS v2.0 (simulé seed=42)
2024-01-01,Atlantique,16.0,29.3,Open-Meteo Archive / CHIRPS v2.0 (simulé seed=42)
2024-01-01,Donga,2.2,32.9,Open-Meteo Archive / CHIRPS v2.0 (simulé seed=42)
2024-01-01,Ouémé,22.9,29.4,Open-Meteo Archive / CHIRPS v2.0 (simulé seed=42)
2024-01-01,Couffo,6.6,29.5,Open-Meteo Archive / CHIRPS v2.0 (simulé seed=42)
2024-01-01,Zou,14.8,28.9,Open-Meteo Archive / CHIRPS v2.0 (simulé seed=42)
2024-01-01,Mono,6.5,30.1,Open-Meteo Archive / CHIRPS v2.0 (simulé seed=42)
2024-01-01,Collines,13.2,29.2,Open-Meteo Archive / CHIRPS v2.0 (simulé seed=42)
2024-01-01,Littoral,8.7,28.9,Open-Meteo Archive / CHIRPS v2.0 (simulé seed=42)
2024-01-01,Atacora,9.9,33.3,Open-Meteo Archive / CHIRPS v2.0 (simulé seed=42)
2024-01-01,Alibori,6.1,33.9,Open-Meteo Archive / CHIRPS v2.0 (simulé seed=42)
2024-01-01,Borgou,6.9,33.3,Open-Meteo Archive / CHIRPS v2.0 (simulé seed=42)
2024-01-08,Plateau,13.3,29.3,Open-Meteo Archive / CHIRPS v2.0 (simulé seed=42)
2024-01-08,Atlantique,10.3,28.9,Open-Meteo Archive / CHIRPS v2.0 (simulé seed=42)
2024-01-08,Donga,8.0,33.4,Open-Meteo Archive / CHIRPS v2.0 (simulé seed=42)
2024-01-08,Ouémé,17.8,29.9,Open-Meteo Archive / CHIRPS v2.0 (simulé seed=42)
2024-01-08,Couffo,12.1,29.1,Open-Meteo Archive / CHIRPS v2.0 (simulé seed=42)
2024-01-08,Zou,10.8,29.4,Open-Meteo Archive / CHIRPS v2.0 (simulé seed=42)
2024-01-08,Mono,14.9,29.0,Open-Meteo Archive / CHIRPS v2.0 (simulé seed=42)
2024-01-08,Collines,23.3,28.6,Open-Meteo Archive / CHIRPS v2.0 (simulé seed=42)
2024-01-08,Littoral,16.0,29.1,Open-Meteo Archive / CHIRPS v2.0 (simulé seed=42)
2024-01-08,Atacora,3.9,34.0,Open-Meteo Archive / CHIRPS v2.0 (simulé seed=42)
2024-01-08,Alibori,7.7,33.4,Open-Meteo Archive / CHIRPS v2.0 (simulé seed=42)
2024-01-08,Borgou,5.6,33.2,Open-Meteo Archive / CHIRPS v2.0 (simulé seed=42)
2024-01-15,Plateau,15.8,29.1,Open-Meteo Archive / CHIRPS v2.0 (simulé seed=42)
2024-01-15,Atlantique,8.2,29.0,Open-Meteo Archive / CHIRPS v2.0 (simulé seed=42)
2024-01-15,Donga,4.1,33.0,Open-Meteo Archive / CHIRPS v2.0 (simulé seed=42)
2024-01-15,Ouémé,19.8,28.6,Open-Meteo Archive / CHIRPS v2.0 (simulé seed=42)
2024-01-15,Couffo,23.4,29.1,Open-Meteo Archive / CHIRPS v2.0 (simulé seed=42)
2024-01-15,Zou,23.5,28.6,Open-Meteo Archive / CHIRPS v2.0 (simulé seed=42)
2024-01-15,Mono,8.4,29.7,Open-Meteo Archive / CHIRPS v2.0 (simulé seed=42)
2024-01-15,Collines,23.3,28.7,Open-Meteo Archive / CHIRPS v2.0 (simulé seed=42)
2024-01-15,Littoral,8.6,28.8,Open-Meteo Archive / CHIRPS v2.0 (simulé seed=42)
2024-01-15,Atacora,5.3,33.4,Open-Meteo Archive / CHIRPS v2.0 (simulé seed=42)
2024-01-15,Alibori,6.4,33.2,Open-Meteo Archive / CHIRPS v2.0 (simulé seed=42)
2024-01-15,Borgou,4.7,32.9,Open-Meteo Archive / CHIRPS v2.0 (simulé seed=42)
2024-01-22,Plateau,17.6,28.5,Open-Meteo Archive / CHIRPS v2.0 (simulé seed=42)
2024-01-22,Atlantique,21.3,29.0,Open-Meteo Archive / CHIRPS v2.0 (simulé seed=42)
2024-01-22,Donga,2.6,33.6,Open-Meteo Archive / CHIRPS v2.0 (simulé seed=42)
2024-01-22,Ouémé,18.0,28.8,Open-Meteo Archive / CHIRPS v2.0 (simulé seed=42)
2024-01-22,Couffo,13.1,29.9,Open-Meteo Archive / CHIRPS v2.0 (simulé seed=42)
2024-01-22,Zou,10.1,29.5,Open-Meteo Archive / CHIRPS v2.0 (simulé seed=42)
2024-01-22,Mono,19.0,29.6,Open-Meteo Archive / CHIRPS v2.0 (simulé seed=42)
2024-01-22,Collines,21.4,29.2,Open-Meteo Archive / CHIRPS v2.0 (simulé seed=42)
2024-01-22,Littoral,9.1,28.5,Open-Meteo Archive / CHIRPS v2.0 (simulé seed=42)
2024-01-22,Atacora,2.0,34.0,Open-Meteo Archive / CHIRPS v2.0 (simulé seed=42)
2024-01-22,Alibori,4.5,33.9,Open-Meteo Archive / CHIRPS v2.0 (simulé seed=42)
2024-01-22,Borgou,3.2,32.9,Open-Meteo Archive / CHIRPS v2.0 (simulé seed=42)
2024-01-29,Plateau,24.6,28.7,Open-Meteo Archive / CHIRPS v2.0 (simulé seed=42)
2024-01-29,Atlantique,13.1,29.1,Open-Meteo Archive / CHIRPS v2.0 (simulé seed=42)
2024-01-29,Donga,14.6,33.5,Open-Meteo Archive / CHIRPS v2.0 (simulé seed=42)
2024-01-29,Ouémé,18.3,28.1,Open-Meteo Archive / CHIRPS v2.0 (simulé seed=42)
2024-01-29,Couffo,24.5,28.7,Open-Meteo Archive / CHIRPS v2.0 (simulé seed=42)
2024-01-29,Zou,20.7,28.9,Open-Meteo Archive / CHIRPS v2.0 (simulé seed=42)
2024-01-29,Mono,11.4,28.4,Open-Meteo Archive / CHIRPS v2.0 (simulé seed=42)
2024-01-29,Collines,5.7,29.0,Open-Meteo Archive / CHIRPS v2.0 (simulé seed=42)
2024-01-29,Littoral,13.3,29.3,Open-Meteo Archive / CHIRPS v2.0 (simulé seed=42)
2024-01-29,Atacora,4.0,32.7,Open-Meteo Archive / CHIRPS v2.0 (simulé seed=42)
2024-01-29,Alibori,9.4,34.5,Open-Meteo Archive / CHIRPS v2.0 (simulé seed=42)
2024-01-29,Borgou,7.1,33.4,Open-Meteo Archive / CHIRPS v2.0 (simulé seed=42)
2024-02-05,Plateau,8.9,29.2,Open-Meteo Archive / CHIRPS v2.0 (simulé seed=42)
2024-02-05,Atlantique,9.1,29.2,Open-Meteo Archive / CHIRPS v2.0 (simulé seed=42)
2024-02-05,Donga,14.3,33.3,Open-Meteo Archive / CHIRPS v2.0 (simulé seed=42)
2024-02-05,Ouémé,15.6,29.2,Open-Meteo Archive / CHIRPS v2.0 (simulé seed=42)
2024-02-05,Couffo,15.4,29.2,Open-Meteo Archive / CHIRPS v2.0 (simulé seed=42)
2024-02-05,Zou,21.8,29.7,Open-Meteo Archive / CHIRPS v2.0 (simulé seed=42)
2024-02-05,Mono,12.0,29.3,Open-Meteo Archive / CHIRPS v2.0 (simulé seed=42)
2024-02-05,Collines,14.2,28.8,Open-Meteo Archive / CHIRPS v2.0 (simulé seed=42)
2024-02-05,Littoral,5.5,28.6,Open-Meteo Archive / CHIRPS v2.0 (simulé seed=42)
2024-02-05,Atacora,7.8,32.6,Open-Meteo Archive / CHIRPS v2.0 (simulé seed=42)
2024-02-05,Alibori,4.2,33.5,Open-Meteo Archive / CHIRPS v2.0 (simulé seed=42)
2024-02-05,Borgou,2.6,33.8,Open-Meteo Archive / CHIRPS v2.0 (simulé seed=42)
2024-02-12,Plateau,7.0,29.2,Open-Meteo Archive / CHIRPS v2.0 (simulé seed=42)
2024-02-12,Atlantique,19.2,28.5,Open-Meteo Archive / CHIRPS v2.0 (simulé seed=42)
2024-02-12,Donga,14.9,33.7,Open-Meteo Archive / CHIRPS v2.0 (simulé seed=42)
2024-02-12,Ouémé,14.0,29.1,Open-Meteo Archive / CHIRPS v2.0 (simulé seed=42)
2024-02-12,Couffo,6.8,29.7,Open-Meteo Archive / CHIRPS v2.0 (simulé seed=42)
2024-02-12,Zou,10.6,29.1,Open-Meteo Archive / CHIRPS v2.0 (simulé seed=42)
2024-02-12,Mono,15.1,28.5,Open-Meteo Archive / CHIRPS v2.0 (simulé seed=42)
2024-02-12,Collines,9.8,29.4,Open-Meteo Archive / CHIRPS v2.0 (simulé seed=42)
2024-02-12,Littoral,6.0,29.2,Open-Meteo Archive / CHIRPS v2.0 (simulé seed=42)
2024-02-12,Atacora,3.9,33.5,Open-Meteo Archive / CHIRPS v2.0 (simulé seed=42)
2024-02-12,Alibori,6.6,33.7,Open-Meteo Archive / CHIRPS v2.0 (simulé seed=42)
2024-02-12,Borgou,11.0,33.2,Open-Meteo Archive / CHIRPS v2.0 (simulé seed=42)
2024-02-19,Plateau,24.3,28.5,Open-Meteo Archive / CHIRPS v2.0 (simulé seed=42)
2024-02-19,Atlantique,21.9,28.8,Open-Meteo Archive / CHIRPS v2.0 (simulé seed=42)
2024-02-19,Donga,4.5,32.6,Open-Meteo Archive / CHIRPS v2.0 (simulé seed=42)
2024-02-19,Ouémé,19.6,29.2,Open-Meteo Archive / CHIRPS v2.0 (simulé seed=42)
2024-02-19,Couffo,23.5,29.1,Open-Meteo Archive / CHIRPS v2.0 (simulé seed=42)
2024-02-19,Zou,23.4,28.8,Open-Meteo Archive / CHIRPS v2.0 (simulé seed=42)
2024-02-19,Mono,24.8,29.4,Open-Meteo Archive / CHIRPS v2.0 (simulé seed=42)
2024-02-19,Collines,16.6,29.5,Open-Meteo Archive / CHIRPS v2.0 (simulé seed=42)
2024-02-19,Littoral,18.6,29.0,Open-Meteo Archive / CHIRPS v2.0 (simulé seed=42)
2024-02-19,Atacora,14.6,34.0,Open-Meteo Archive / CHIRPS v2.0 (simulé seed=42)
2024-02-19,Alibori,10.3,33.3,Open-Meteo Archive / CHIRPS v2.0 (simulé seed=42)
2024-02-19,Borgou,3.9,32.5,Open-Meteo Archive / CHIRPS v2.0 (simulé seed=42)
2024-02-26,Plateau,11.9,28.7,Open-Meteo Archive / CHIRPS v2.0 (simulé seed=42)
2024-02-26,Atlantique,23.6,29.5,Open-Meteo Archive / CHIRPS v2.0 (simulé seed=42)
2024-02-26,Donga,7.1,34.1,Open-Meteo Archive / CHIRPS v2.0 (simulé seed=42)
2024-02-26,Ouémé,11.8,28.7,Open-Meteo Archive / CHIRPS v2.0 (simulé seed=42)
2024-02-26,Couffo,18.8,29.3,Open-Meteo Archive / CHIRPS v2.0 (simulé seed=42)
2024-02-26,Zou,24.8,29.1,Open-Meteo Archive / CHIRPS v2.0 (simulé seed=42)
2024-02-26,Mono,17.6,29.6,Open-Meteo Archive / CHIRPS v2.0 (simulé seed=42)
2024-02-26,Collines,15.6,29.0,Open-Meteo Archive / CHIRPS v2.0 (simulé seed=42)
2024-02-26,Littoral,21.9,28.7,Open-Meteo Archive / CHIRPS v2.0 (simulé seed=42)
2024-02-26,Atacora,7.7,33.2,Open-Meteo Archive / CHIRPS v2.0 (simulé seed=42)
2024-02-26,Alibori,5.1,33.6,Open-Meteo Archive / CHIRPS v2.0 (simulé seed=42)
2024-02-26,Borgou,3.1,33.9,Open-Meteo Archive / CHIRPS v2.0 (simulé seed=42)
2024-03-04,Plateau,12.8,30.1,Open-Meteo Archive / CHIRPS v2.0 (simulé seed=42)
2024-03-04,Atlantique,21.2,29.4,Open-Meteo Archive / CHIRPS v2.0 (simulé seed=42)
2024-03-04,Donga,11.7,32.7,Open-Meteo Archive / CHIRPS v2.0 (simulé seed=42)
2024-03-04,Ouémé,10.0,28.5,Open-Meteo Archive / CHIRPS v2.0 (simulé seed=42)
2024-03-04,Couffo,21.3,28.7,Open-Meteo Archive / CHIRPS v2.0 (simulé seed=42)
2024-03-04,Zou,23.7,29.7,Open-Meteo Archive / CHIRPS v2.0 (simulé seed=42)
2024-03-04,Mono,16.0,29.2,Open-Meteo Archive / CHIRPS v2.0 (simulé seed=42)
2024-03-04,Collines,15.2,29.7,Open-Meteo Archive / CHIRPS v2.0 (simulé seed=42)
2024-03-04,Littoral,6.4,29.3,Open-Meteo Archive / CHIRPS v2.0 (simulé seed=42)
2024-03-04,Atacora,11.7,33.6,Open-Meteo Archive / CHIRPS v2.0 (simulé seed=42)
2024-03-04,Alibori,4.0,33.4,Open-Meteo Archive / CHIRPS v2.0 (simulé seed=42)
2024-03-04,Borgou,10.4,33.5,Open-Meteo Archive / CHIRPS v2.0 (simulé seed=42)
2024-03-11,Plateau,20.4,29.2,Open-Meteo Archive / CHIRPS v2.0 (simulé seed=42)
2024-03-11,Atlantique,20.1,29.1,Open-Meteo Archive / CHIRPS v2.0 (simulé seed=42)
2024-03-11,Donga,14.8,33.8,Open-Meteo Archive / CHIRPS v2.0 (simulé seed=42)
2024-03-11,Ouémé,20.8,29.4,Open-Meteo Archive / CHIRPS v2.0 (simulé seed=42)
2024-03-11,Couffo,10.3,28.6,Open-Meteo Archive / CHIRPS v2.0 (simulé seed=42)
2024-03-11,Zou,21.3,29.5,Open-Meteo Archive / CHIRPS v2.0 (simulé seed=42)
2024-03-11,Mono,22.4,29.0,Open-Meteo Archive / CHIRPS v2.0 (simulé seed=42)
2024-03-11,Collines,18.1,29.1,Open-Meteo Archive / CHIRPS v2.0 (simulé seed=42)
2024-03-11,Littoral,14.2,29.2,Open-Meteo Archive / CHIRPS v2.0 (simulé seed=42)
2024-03-11,Atacora,5.5,32.8,Open-Meteo Archive / CHIRPS v2.0 (simulé seed=42)
2024-03-11,Alibori,8.0,34.0,Open-Meteo Archive / CHIRPS v2.0 (simulé seed=42)
2024-03-11,Borgou,5.8,33.6,Open-Meteo Archive / CHIRPS v2.0 (simulé seed=42)
2024-03-18,Plateau,18.9,28.8,Open-Meteo Archive / CHIRPS v2.0 (simulé seed=42)
2024-03-18,Atlantique,19.5,29.1,Open-Meteo Archive / CHIRPS v2.0 (simulé seed=42)
2024-03-18,Donga,11.4,33.9,Open-Meteo Archive / CHIRPS v2.0 (simulé seed=42)
2024-03-18,Ouémé,15.5,28.9,Open-Meteo Archive / CHIRPS v2.0 (simulé seed=42)
2024-03-18,Couffo,23.4,28.8,Open-Meteo Archive / CHIRPS v2.0 (simulé seed=42)
2024-03-18,Zou,15.3,29.2,Open-Meteo Archive / CHIRPS v2.0 (simulé seed=42)
2024-03-18,Mono,21.1,29.2,Open-Meteo Archive / CHIRPS v2.0 (simulé seed=42)
2024-03-18,Collines,22.2,28.4,Open-Meteo Archive / CHIRPS v2.0 (simulé seed=42)
2024-03-18,Littoral,23.8,29.4,Open-Meteo Archive / CHIRPS v2.0 (simulé seed=42)
2024-03-18,Atacora,14.6,33.0,Open-Meteo Archive / CHIRPS v2.0 (simulé seed=42)
2024-03-18,Alibori,12.4,33.8,Open-Meteo Archive / CHIRPS v2.0 (simulé seed=42)
2024-03-18,Borgou,12.9,33.1,Open-Meteo Archive / CHIRPS v2.0 (simulé seed=42)
2024-03-25,Plateau,22.8,29.5,Open-Meteo Archive / CHIRPS v2.0 (simulé seed=42)
2024-03-25,Atlantique,6.5,29.4,Open-Meteo Archive / CHIRPS v2.0 (simulé seed=42)
2024-03-25,Donga,9.7,33.4,Open-Meteo Archive / CHIRPS v2.0 (simulé seed=42)
2024-03-25,Ouémé,14.6,28.2,Open-Meteo Archive / CHIRPS v2.0 (simulé seed=42)
2024-03-25,Couffo,15.8,29.5,Open-Meteo Archive / CHIRPS v2.0 (simulé seed=42)
2024-03-25,Zou,11.5,28.9,Open-Meteo Archive / CHIRPS v2.0 (simulé seed=42)
2024-03-25,Mono,20.9,28.4,Open-Meteo Archive / CHIRPS v2.0 (simulé seed=42)
2024-03-25,Collines,23.9,28.3,Open-Meteo Archive / CHIRPS v2.0 (simulé seed=42)
2024-03-25,Littoral,15.3,28.9,Open-Meteo Archive / CHIRPS v2.0 (simulé seed=42)
2024-03-25,Atacora,2.2,33.8,Open-Meteo Archive / CHIRPS v2.0 (simulé seed=42)
2024-03-25,Alibori,12.5,33.7,Open-Meteo Archive / CHIRPS v2.0 (simulé seed=42)
2024-03-25,Borgou,14.0,33.7,Open-Meteo Archive / CHIRPS v2.0 (simulé seed=42)
2024-04-01,Plateau,4.9,28.6,Open-Meteo Archive / CHIRPS v2.0 (simulé seed=42)
2024-04-01,Atlantique,4.8,28.7,Open-Meteo Archive / CHIRPS v2.0 (simulé seed=42)
2024-04-01,Donga,7.0,33.7,Open-Meteo Archive / CHIRPS v2.0 (simulé seed=42)
2024-04-01,Ouémé,3.5,29.1,Open-Meteo Archive / CHIRPS v2.0 (simulé seed=42)
2024-04-01,Couffo,4.1,28.6,Open-Meteo Archive / CHIRPS v2.0 (simulé seed=42)
2024-04-01,Zou,3.7,28.3,Open-Meteo Archive / CHIRPS v2.0 (simulé seed=42)
2024-04-01,Mono,4.3,29.2,Open-Meteo Archive / CHIRPS v2.0 (simulé seed=42)
2024-04-01,Collines,4.0,29.1,Open-Meteo Archive / CHIRPS v2.0 (simulé seed=42)
2024-04-01,Littoral,3.4,29.1,Open-Meteo Archive / CHIRPS v2.0 (simulé seed=42)
2024-04-01,Atacora,7.3,34.3,Open-Meteo Archive / CHIRPS v2.0 (simulé seed=42)
2024-04-01,Alibori,11.4,33.8,Open-Meteo Archive / CHIRPS v2.0 (simulé seed=42)
2024-04-01,Borgou,7.6,33.1,Open-Meteo Archive / CHIRPS v2.0 (simulé seed=42)
2024-04-08,Plateau,8.0,28.8,Open-Meteo Archive / CHIRPS v2.0 (simulé seed=42)
2024-04-08,Atlantique,7.7,29.1,Open-Meteo Archive / CHIRPS v2.0 (simulé seed=42)
2024-04-08,Donga,4.0,34.2,Open-Meteo Archive / CHIRPS v2.0 (simulé seed=42)
2024-04-08,Ouémé,6.6,29.3,Open-Meteo Archive / CHIRPS v2.0 (simulé seed=42)
2024-04-08,Couffo,6.5,28.8,Open-Meteo Archive / CHIRPS v2.0 (simulé seed=42)
2024-04-08,Zou,9.5,29.1,Open-Meteo Archive / CHIRPS v2.0 (simulé seed=42)
2024-04-08,Mono,6.4,28.9,Open-Meteo Archive / CHIRPS v2.0 (simulé seed=42)
2024-04-08,Collines,8.7,28.7,Open-Meteo Archive / CHIRPS v2.0 (simulé seed=42)
2024-04-08,Littoral,6.1,28.7,Open-Meteo Archive / CHIRPS v2.0 (simulé seed=42)
2024-04-08,Atacora,2.0,33.6,Open-Meteo Archive / CHIRPS v2.0 (simulé seed=42)
2024-04-08,Alibori,6.7,32.4,Open-Meteo Archive / CHIRPS v2.0 (simulé seed=42)
2024-04-08,Borgou,13.4,34.0,Open-Meteo Archive / CHIRPS v2.0 (simulé seed=42)
2024-04-15,Plateau,15.8,28.9,Open-Meteo Archive / CHIRPS v2.0 (simulé seed=42)
2024-04-15,Atlantique,16.2,28.7,Open-Meteo Archive / CHIRPS v2.0 (simulé seed=42)
2024-04-15,Donga,4.0,33.1,Open-Meteo Archive / CHIRPS v2.0 (simulé seed=42)
2024-04-15,Ouémé,12.1,29.1,Open-Meteo Archive / CHIRPS v2.0 (simulé seed=42)
2024-04-15,Couffo,13.2,28.6,Open-Meteo Archive / CHIRPS v2.0 (simulé seed=42)
2024-04-15,Zou,12.5,28.0,Open-Meteo Archive / CHIRPS v2.0 (simulé seed=42)
2024-04-15,Mono,12.8,29.0,Open-Meteo Archive / CHIRPS v2.0 (simulé seed=42)
2024-04-15,Collines,16.5,28.7,Open-Meteo Archive / CHIRPS v2.0 (simulé seed=42)
2024-04-15,Littoral,16.9,28.3,Open-Meteo Archive / CHIRPS v2.0 (simulé seed=42)
2024-04-15,Atacora,3.0,34.5,Open-Meteo Archive / CHIRPS v2.0 (simulé seed=42)
2024-04-15,Alibori,3.8,33.1,Open-Meteo Archive / CHIRPS v2.0 (simulé seed=42)
2024-04-15,Borgou,6.0,34.5,Open-Meteo Archive / CHIRPS v2.0 (simulé seed=42)
2024-04-22,Plateau,19.8,28.6,Open-Meteo Archive / CHIRPS v2.0 (simulé seed=42)
2024-04-22,Atlantique,24.2,28.2,Open-Meteo Archive / CHIRPS v2.0 (simulé seed=42)
2024-04-22,Donga,4.7,33.8,Open-Meteo Archive / CHIRPS v2.0 (simulé seed=42)
2024-04-22,Ouémé,22.4,28.5,Open-Meteo Archive / CHIRPS v2.0 (simulé seed=42)
2024-04-22,Couffo,20.5,28.3,Open-Meteo Archive / CHIRPS v2.0 (simulé seed=42)
2024-04-22,Zou,19.3,28.2,Open-Meteo Archive / CHIRPS v2.0 (simulé seed=42)
2024-04-22,Mono,21.0,29.0,Open-Meteo Archive / CHIRPS v2.0 (simulé seed=42)
2024-04-22,Collines,25.4,28.6,Open-Meteo Archive / CHIRPS v2.0 (simulé seed=42)
2024-04-22,Littoral,27.1,28.7,Open-Meteo Archive / CHIRPS v2.0 (simulé seed=42)
2024-04-22,Atacora,5.0,33.1,Open-Meteo Archive / CHIRPS v2.0 (simulé seed=42)
2024-04-22,Alibori,2.7,34.1,Open-Meteo Archive / CHIRPS v2.0 (simulé seed=42)
2024-04-22,Borgou,5.1,33.3,Open-Meteo Archive / CHIRPS v2.0 (simulé seed=42)
2024-04-29,Plateau,40.8,28.9,Open-Meteo Archive / CHIRPS v2.0 (simulé seed=42)
2024-04-29,Atlantique,28.4,28.4,Open-Meteo Archive / CHIRPS v2.0 (simulé seed=42)
2024-04-29,Donga,1.8,34.1,Open-Meteo Archive / CHIRPS v2.0 (simulé seed=42)
2024-04-29,Ouémé,29.8,29.0,Open-Meteo Archive / CHIRPS v2.0 (simulé seed=42)
2024-04-29,Couffo,35.8,28.1,Open-Meteo Archive / CHIRPS v2.0 (simulé seed=42)
2024-04-29,Zou,35.8,28.8,Open-Meteo Archive / CHIRPS v2.0 (simulé seed=42)
2024-04-29,Mono,36.9,28.5,Open-Meteo Archive / CHIRPS v2.0 (simulé seed=42)
2024-04-29,Collines,30.2,28.8,Open-Meteo Archive / CHIRPS v2.0 (simulé seed=42)
2024-04-29,Littoral,36.8,28.5,Open-Meteo Archive / CHIRPS v2.0 (simulé seed=42)
2024-04-29,Atacora,2.4,34.3,Open-Meteo Archive / CHIRPS v2.0 (simulé seed=42)
2024-04-29,Alibori,1.9,32.7,Open-Meteo Archive / CHIRPS v2.0 (simulé seed=42)
2024-04-29,Borgou,2.3,33.9,Open-Meteo Archive / CHIRPS v2.0 (simulé seed=42)
2024-05-06,Plateau,40.6,27.9,Open-Meteo Archive / CHIRPS v2.0 (simulé seed=42)
2024-05-06,Atlantique,49.3,28.1,Open-Meteo Archive / CHIRPS v2.0 (simulé seed=42)
2024-05-06,Donga,3.0,32.2,Open-Meteo Archive / CHIRPS v2.0 (simulé seed=42)
2024-05-06,Ouémé,51.6,28.0,Open-Meteo Archive / CHIRPS v2.0 (simulé seed=42)
2024-05-06,Couffo,49.2,28.1,Open-Meteo Archive / CHIRPS v2.0 (simulé seed=42)
2024-05-06,Zou,47.6,28.3,Open-Meteo Archive / CHIRPS v2.0 (simulé seed=42)
2024-05-06,Mono,56.8,28.3,Open-Meteo Archive / CHIRPS v2.0 (simulé seed=42)
2024-05-06,Collines,55.3,28.4,Open-Meteo Archive / CHIRPS v2.0 (simulé seed=42)
2024-05-06,Littoral,65.3,27.7,Open-Meteo Archive / CHIRPS v2.0 (simulé seed=42)
2024-05-06,Atacora,4.3,33.8,Open-Meteo Archive / CHIRPS v2.0 (simulé seed=42)
2024-05-06,Alibori,3.3,32.5,Open-Meteo Archive / CHIRPS v2.0 (simulé seed=42)
2024-05-06,Borgou,3.1,31.9,Open-Meteo Archive / CHIRPS v2.0 (simulé seed=42)
2024-05-13,Plateau,69.3,28.0,Open-Meteo Archive / CHIRPS v2.0 (simulé seed=42)
2024-05-13,Atlantique,77.9,27.8,Open-Meteo Archive / CHIRPS v2.0 (simulé seed=42)
2024-05-13,Donga,6.5,33.8,Open-Meteo Archive / CHIRPS v2.0 (simulé seed=42)
2024-05-13,Ouémé,54.8,27.8,Open-Meteo Archive / CHIRPS v2.0 (simulé seed=42)
2024-05-13,Couffo,59.1,27.3,Open-Meteo Archive / CHIRPS v2.0 (simulé seed=42)
2024-05-13,Zou,86.1,28.1,Open-Meteo Archive / CHIRPS v2.0 (simulé seed=42)
2024-05-13,Mono,78.2,28.0,Open-Meteo Archive / CHIRPS v2.0 (simulé seed=42)
2024-05-13,Collines,79.1,27.9,Open-Meteo Archive / CHIRPS v2.0 (simulé seed=42)
2024-05-13,Littoral,78.3,27.8,Open-Meteo Archive / CHIRPS v2.0 (simulé seed=42)
2024-05-13,Atacora,6.3,33.8,Open-Meteo Archive / CHIRPS v2.0 (simulé seed=42)
2024-05-13,Alibori,6.4,34.1,Open-Meteo Archive / CHIRPS v2.0 (simulé seed=42)
2024-05-13,Borgou,5.3,33.0,Open-Meteo Archive / CHIRPS v2.0 (simulé seed=42)
2024-05-20,Plateau,82.5,27.5,Open-Meteo Archive / CHIRPS v2.0 (simulé seed=42)
2024-05-20,Atlantique,95.3,27.2,Open-Meteo Archive / CHIRPS v2.0 (simulé seed=42)
2024-05-20,Donga,10.5,33.8,Open-Meteo Archive / CHIRPS v2.0 (simulé seed=42)
2024-05-20,Ouémé,103.4,27.3,Open-Meteo Archive / CHIRPS v2.0 (simulé seed=42)
2024-05-20,Couffo,69.4,26.8,Open-Meteo Archive / CHIRPS v2.0 (simulé seed=42)
2024-05-20,Zou,69.5,27.6,Open-Meteo Archive / CHIRPS v2.0 (simulé seed=42)
2024-05-20,Mono,102.2,27.0,Open-Meteo Archive / CHIRPS v2.0 (simulé seed=42)
2024-05-20,Collines,95.4,26.8,Open-Meteo Archive / CHIRPS v2.0 (simulé seed=42)
2024-05-20,Littoral,106.2,26.8,Open-Meteo Archive / CHIRPS v2.0 (simulé seed=42)
2024-05-20,Atacora,8.9,33.1,Open-Meteo Archive / CHIRPS v2.0 (simulé seed=42)
2024-05-20,Alibori,7.9,33.7,Open-Meteo Archive / CHIRPS v2.0 (simulé seed=42)
2024-05-20,Borgou,9.7,33.8,Open-Meteo Archive / CHIRPS v2.0 (simulé seed=42)
2024-05-27,Plateau,86.0,26.9,Open-Meteo Archive / CHIRPS v2.0 (simulé seed=42)
2024-05-27,Atlantique,73.3,27.3,Open-Meteo Archive / CHIRPS v2.0 (simulé seed=42)
2024-05-27,Donga,12.5,33.4,Open-Meteo Archive / CHIRPS v2.0 (simulé seed=42)
2024-05-27,Ouémé,86.8,26.6,Open-Meteo Archive / CHIRPS v2.0 (simulé seed=42)
2024-05-27,Couffo,104.8,27.2,Open-Meteo Archive / CHIRPS v2.0 (simulé seed=42)
2024-05-27,Zou,78.4,27.1,Open-Meteo Archive / CHIRPS v2.0 (simulé seed=42)
2024-05-27,Mono,97.6,27.1,Open-Meteo Archive / CHIRPS v2.0 (simulé seed=42)
2024-05-27,Collines,88.2,27.4,Open-Meteo Archive / CHIRPS v2.0 (simulé seed=42)
2024-05-27,Littoral,85.2,27.2,Open-Meteo Archive / CHIRPS v2.0 (simulé seed=42)
2024-05-27,Atacora,14.7,33.3,Open-Meteo Archive / CHIRPS v2.0 (simulé seed=42)
2024-05-27,Alibori,14.7,33.0,Open-Meteo Archive / CHIRPS v2.0 (simulé seed=42)
2024-05-27,Borgou,15.6,33.4,Open-Meteo Archive / CHIRPS v2.0 (simulé seed=42)
2024-06-03,Plateau,104.3,26.7,Open-Meteo Archive / CHIRPS v2.0 (simulé seed=42)
2024-06-03,Atlantique,111.9,26.9,Open-Meteo Archive / CHIRPS v2.0 (simulé seed=42)
2024-06-03,Donga,24.3,32.1,Open-Meteo Archive / CHIRPS v2.0 (simulé seed=42)
2024-06-03,Ouémé,117.7,26.4,Open-Meteo Archive / CHIRPS v2.0 (simulé seed=42)
2024-06-03,Couffo,98.0,27.0,Open-Meteo Archive / CHIRPS v2.0 (simulé seed=42)
2024-06-03,Zou,84.5,26.9,Open-Meteo Archive / CHIRPS v2.0 (simulé seed=42)
2024-06-03,Mono,80.8,26.5,Open-Meteo Archive / CHIRPS v2.0 (simulé seed=42)
2024-06-03,Collines,118.9,26.8,Open-Meteo Archive / CHIRPS v2.0 (simulé seed=42)
2024-06-03,Littoral,113.0,26.4,Open-Meteo Archive / CHIRPS v2.0 (simulé seed=42)
2024-06-03,Atacora,18.2,33.6,Open-Meteo Archive / CHIRPS v2.0 (simulé seed=42)
2024-06-03,Alibori,19.3,32.6,Open-Meteo Archive / CHIRPS v2.0 (simulé seed=42)
2024-06-03,Borgou,17.7,34.0,Open-Meteo Archive / CHIRPS v2.0 (simulé seed=42)
2024-06-10,Plateau,96.2,26.2,Open-Meteo Archive / CHIRPS v2.0 (simulé seed=42)
2024-06-10,Atlantique,113.4,26.5,Open-Meteo Archive / CHIRPS v2.0 (simulé seed=42)
2024-06-10,Donga,27.6,32.7,Open-Meteo Archive / CHIRPS v2.0 (simulé seed=42)
2024-06-10,Ouémé,91.2,26.4,Open-Meteo Archive / CHIRPS v2.0 (simulé seed=42)
2024-06-10,Couffo,85.8,25.8,Open-Meteo Archive / CHIRPS v2.0 (simulé seed=42)
2024-06-10,Zou,100.7,27.6,Open-Meteo Archive / CHIRPS v2.0 (simulé seed=42)
2024-06-10,Mono,91.3,26.7,Open-Meteo Archive / CHIRPS v2.0 (simulé seed=42)
2024-06-10,Collines,89.7,26.9,Open-Meteo Archive / CHIRPS v2.0 (simulé seed=42)
2024-06-10,Littoral,117.6,26.6,Open-Meteo Archive / CHIRPS v2.0 (simulé seed=42)
2024-06-10,Atacora,33.4,32.5,Open-Meteo Archive / CHIRPS v2.0 (simulé seed=42)
2024-06-10,Alibori,29.6,33.1,Open-Meteo Archive / CHIRPS v2.0 (simulé seed=42)
2024-06-10,Borgou,34.6,33.0,Open-Meteo Archive / CHIRPS v2.0 (simulé seed=42)
2024-06-17,Plateau,81.6,26.9,Open-Meteo Archive / CHIRPS v2.0 (simulé seed=42)
2024-06-17,Atlantique,75.7,26.5,Open-Meteo Archive / CHIRPS v2.0 (simulé seed=42)
2024-06-17,Donga,42.3,32.8,Open-Meteo Archive / CHIRPS v2.0 (simulé seed=42)
2024-06-17,Ouémé,64.4,26.4,Open-Meteo Archive / CHIRPS v2.0 (simulé seed=42)
2024-06-17,Couffo,70.5,26.3,Open-Meteo Archive / CHIRPS v2.0 (simulé seed=42)
2024-06-17,Zou,64.3,26.4,Open-Meteo Archive / CHIRPS v2.0 (simulé seed=42)
2024-06-17,Mono,98.4,26.2,Open-Meteo Archive / CHIRPS v2.0 (simulé seed=42)
2024-06-17,Collines,92.5,26.2,Open-Meteo Archive / CHIRPS v2.0 (simulé seed=42)
2024-06-17,Littoral,65.7,26.5,Open-Meteo Archive / CHIRPS v2.0 (simulé seed=42)
2024-06-17,Atacora,47.5,32.5,Open-Meteo Archive / CHIRPS v2.0 (simulé seed=42)
2024-06-17,Alibori,39.8,32.9,Open-Meteo Archive / CHIRPS v2.0 (simulé seed=42)
2024-06-17,Borgou,47.9,33.2,Open-Meteo Archive / CHIRPS v2.0 (simulé seed=42)
2024-06-24,Plateau,71.7,26.6,Open-Meteo Archive / CHIRPS v2.0 (simulé seed=42)
2024-06-24,Atlantique,57.9,27.1,Open-Meteo Archive / CHIRPS v2.0 (simulé seed=42)
2024-06-24,Donga,49.9,31.7,Open-Meteo Archive / CHIRPS v2.0 (simulé seed=42)
2024-06-24,Ouémé,56.3,27.0,Open-Meteo Archive / CHIRPS v2.0 (simulé seed=42)
2024-06-24,Couffo,74.9,27.1,Open-Meteo Archive / CHIRPS v2.0 (simulé seed=42)
2024-06-24,Zou,64.4,26.5,Open-Meteo Archive / CHIRPS v2.0 (simulé seed=42)
2024-06-24,Mono,68.9,27.4,Open-Meteo Archive / CHIRPS v2.0 (simulé seed=42)
2024-06-24,Collines,87.1,26.2,Open-Meteo Archive / CHIRPS v2.0 (simulé seed=42)
2024-06-24,Littoral,57.8,26.4,Open-Meteo Archive / CHIRPS v2.0 (simulé seed=42)
2024-06-24,Atacora,47.9,32.0,Open-Meteo Archive / CHIRPS v2.0 (simulé seed=42)
2024-06-24,Alibori,50.9,32.7,Open-Meteo Archive / CHIRPS v2.0 (simulé seed=42)
2024-06-24,Borgou,62.6,32.4,Open-Meteo Archive / CHIRPS v2.0 (simulé seed=42)
2024-07-01,Plateau,42.2,26.2,Open-Meteo Archive / CHIRPS v2.0 (simulé seed=42)
2024-07-01,Atlantique,58.2,26.8,Open-Meteo Archive / CHIRPS v2.0 (simulé seed=42)
2024-07-01,Donga,80.0,31.5,Open-Meteo Archive / CHIRPS v2.0 (simulé seed=42)
2024-07-01,Ouémé,58.0,27.3,Open-Meteo Archive / CHIRPS v2.0 (simulé seed=42)
2024-07-01,Couffo,57.1,26.4,Open-Meteo Archive / CHIRPS v2.0 (simulé seed=42)
2024-07-01,Zou,44.1,26.1,Open-Meteo Archive / CHIRPS v2.0 (simulé seed=42)
2024-07-01,Mono,52.0,26.7,Open-Meteo Archive / CHIRPS v2.0 (simulé seed=42)
2024-07-01,Collines,57.0,27.9,Open-Meteo Archive / CHIRPS v2.0 (simulé seed=42)
2024-07-01,Littoral,59.5,26.8,Open-Meteo Archive / CHIRPS v2.0 (simulé seed=42)
2024-07-01,Atacora,76.9,31.7,Open-Meteo Archive / CHIRPS v2.0 (simulé seed=42)
2024-07-01,Alibori,69.0,31.9,Open-Meteo Archive / CHIRPS v2.0 (simulé seed=42)
2024-07-01,Borgou,67.5,31.7,Open-Meteo Archive / CHIRPS v2.0 (simulé seed=42)
2024-07-08,Plateau,38.8,27.2,Open-Meteo Archive / CHIRPS v2.0 (simulé seed=42)
2024-07-08,Atlantique,35.2,27.0,Open-Meteo Archive / CHIRPS v2.0 (simulé seed=42)
2024-07-08,Donga,85.6,31.6,Open-Meteo Archive / CHIRPS v2.0 (simulé seed=42)
2024-07-08,Ouémé,43.3,26.9,Open-Meteo Archive / CHIRPS v2.0 (simulé seed=42)
2024-07-08,Couffo,37.6,27.4,Open-Meteo Archive / CHIRPS v2.0 (simulé seed=42)
2024-07-08,Zou,30.6,26.3,Open-Meteo Archive / CHIRPS v2.0 (simulé seed=42)
2024-07-08,Mono,30.4,27.0,Open-Meteo Archive / CHIRPS v2.0 (simulé seed=42)
2024-07-08,Collines,37.8,26.9,Open-Meteo Archive / CHIRPS v2.0 (simulé seed=42)
2024-07-08,Littoral,37.1,26.3,Open-Meteo Archive / CHIRPS v2.0 (simulé seed=42)
2024-07-08,Atacora,78.3,31.4,Open-Meteo Archive / CHIRPS v2.0 (simulé seed=42)
2024-07-08,Alibori,94.7,31.4,Open-Meteo Archive / CHIRPS v2.0 (simulé seed=42)
2024-07-08,Borgou,89.9,31.6,Open-Meteo Archive / CHIRPS v2.0 (simulé seed=42)
2024-07-15,Plateau,26.6,27.9,Open-Meteo Archive / CHIRPS v2.0 (simulé seed=42)
2024-07-15,Atlantique,28.1,27.6,Open-Meteo Archive / CHIRPS v2.0 (simulé seed=42)
2024-07-15,Donga,113.5,29.8,Open-Meteo Archive / CHIRPS v2.0 (simulé seed=42)
2024-07-15,Ouémé,20.6,27.5,Open-Meteo Archive / CHIRPS v2.0 (simulé seed=42)
2024-07-15,Couffo,27.0,27.4,Open-Meteo Archive / CHIRPS v2.0 (simulé seed=42)
2024-07-15,Zou,18.4,27.4,Open-Meteo Archive / CHIRPS v2.0 (simulé seed=42)
2024-07-15,Mono,21.5,27.2,Open-Meteo Archive / CHIRPS v2.0 (simulé seed=42)
2024-07-15,Collines,29.2,27.1,Open-Meteo Archive / CHIRPS v2.0 (simulé seed=42)
2024-07-15,Littoral,24.4,26.8,Open-Meteo Archive / CHIRPS v2.0 (simulé seed=42)
2024-07-15,Atacora,116.2,30.8,Open-Meteo Archive / CHIRPS v2.0 (simulé seed=42)
2024-07-15,Alibori,113.4,31.1,Open-Meteo Archive / CHIRPS v2.0 (simulé seed=42)
2024-07-15,Borgou,92.3,30.4,Open-Meteo Archive / CHIRPS v2.0 (simulé seed=42)
2024-07-22,Plateau,13.1,28.0,Open-Meteo Archive / CHIRPS v2.0 (simulé seed=42)
2024-07-22,Atlantique,11.0,27.9,Open-Meteo Archive / CHIRPS v2.0 (simulé seed=42)
2024-07-22,Donga,121.9,30.0,Open-Meteo Archive / CHIRPS v2.0 (simulé seed=42)
2024-07-22,Ouémé,12.5,27.6,Open-Meteo Archive / CHIRPS v2.0 (simulé seed=42)
2024-07-22,Couffo,11.5,27.6,Open-Meteo Archive / CHIRPS v2.0 (simulé seed=42)
2024-07-22,Zou,10.8,28.1,Open-Meteo Archive / CHIRPS v2.0 (simulé seed=42)
2024-07-22,Mono,11.1,27.6,Open-Meteo Archive / CHIRPS v2.0 (simulé seed=42)
2024-07-22,Collines,14.2,27.7,Open-Meteo Archive / CHIRPS v2.0 (simulé seed=42)
2024-07-22,Littoral,13.0,27.1,Open-Meteo Archive / CHIRPS v2.0 (simulé seed=42)
2024-07-22,Atacora,132.2,31.2,Open-Meteo Archive / CHIRPS v2.0 (simulé seed=42)
2024-07-22,Alibori,98.7,29.8,Open-Meteo Archive / CHIRPS v2.0 (simulé seed=42)
2024-07-22,Borgou,121.7,30.9,Open-Meteo Archive / CHIRPS v2.0 (simulé seed=42)
2024-07-29,Plateau,14.6,27.7,Open-Meteo Archive / CHIRPS v2.0 (simulé seed=42)
2024-07-29,Atlantique,22.8,27.7,Open-Meteo Archive / CHIRPS v2.0 (simulé seed=42)
2024-07-29,Donga,138.6,29.0,Open-Meteo Archive / CHIRPS v2.0 (simulé seed=42)
2024-07-29,Ouémé,22.0,28.3,Open-Meteo Archive / CHIRPS v2.0 (simulé seed=42)
2024-07-29,Couffo,10.8,28.5,Open-Meteo Archive / CHIRPS v2.0 (simulé seed=42)
2024-07-29,Zou,15.6,28.6,Open-Meteo Archive / CHIRPS v2.0 (simulé seed=42)
2024-07-29,Mono,9.0,28.5,Open-Meteo Archive / CHIRPS v2.0 (simulé seed=42)
2024-07-29,Collines,6.4,27.8,Open-Meteo Archive / CHIRPS v2.0 (simulé seed=42)
2024-07-29,Littoral,6.9,28.0,Open-Meteo Archive / CHIRPS v2.0 (simulé seed=42)
2024-07-29,Atacora,141.5,29.8,Open-Meteo Archive / CHIRPS v2.0 (simulé seed=42)
2024-07-29,Alibori,98.2,29.6,Open-Meteo Archive / CHIRPS v2.0 (simulé seed=42)
2024-07-29,Borgou,134.0,28.9,Open-Meteo Archive / CHIRPS v2.0 (simulé seed=42)
2024-08-05,Plateau,22.7,28.3,Open-Meteo Archive / CHIRPS v2.0 (simulé seed=42)
2024-08-05,Atlantique,13.0,28.4,Open-Meteo Archive / CHIRPS v2.0 (simulé seed=42)
2024-08-05,Donga,116.3,29.6,Open-Meteo Archive / CHIRPS v2.0 (simulé seed=42)
2024-08-05,Ouémé,21.6,28.3,Open-Meteo Archive / CHIRPS v2.0 (simulé seed=42)
2024-08-05,Couffo,16.8,28.1,Open-Meteo Archive / CHIRPS v2.0 (simulé seed=42)
2024-08-05,Zou,18.5,28.0,Open-Meteo Archive / CHIRPS v2.0 (simulé seed=42)
2024-08-05,Mono,7.2,28.4,Open-Meteo Archive / CHIRPS v2.0 (simulé seed=42)
2024-08-05,Collines,23.2,28.2,Open-Meteo Archive / CHIRPS v2.0 (simulé seed=42)
2024-08-05,Littoral,14.4,27.8,Open-Meteo Archive / CHIRPS v2.0 (simulé seed=42)
2024-08-05,Atacora,119.2,29.7,Open-Meteo Archive / CHIRPS v2.0 (simulé seed=42)
2024-08-05,Alibori,131.5,29.2,Open-Meteo Archive / CHIRPS v2.0 (simulé seed=42)
2024-08-05,Borgou,148.0,28.9,Open-Meteo Archive / CHIRPS v2.0 (simulé seed=42)
2024-08-12,Plateau,11.6,28.3,Open-Meteo Archive / CHIRPS v2.0 (simulé seed=42)
2024-08-12,Atlantique,12.4,28.0,Open-Meteo Archive / CHIRPS v2.0 (simulé seed=42)
2024-08-12,Donga,117.7,29.6,Open-Meteo Archive / CHIRPS v2.0 (simulé seed=42)
2024-08-12,Ouémé,5.8,29.6,Open-Meteo Archive / CHIRPS v2.0 (simulé seed=42)
2024-08-12,Couffo,17.8,29.2,Open-Meteo Archive / CHIRPS v2.0 (simulé seed=42)
2024-08-12,Zou,18.6,28.3,Open-Meteo Archive / CHIRPS v2.0 (simulé seed=42)
2024-08-12,Mono,24.7,28.3,Open-Meteo Archive / CHIRPS v2.0 (simulé seed=42)
2024-08-12,Collines,12.5,29.2,Open-Meteo Archive / CHIRPS v2.0 (simulé seed=42)
2024-08-12,Littoral,15.5,28.7,Open-Meteo Archive / CHIRPS v2.0 (simulé seed=42)
2024-08-12,Atacora,116.3,29.6,Open-Meteo Archive / CHIRPS v2.0 (simulé seed=42)
2024-08-12,Alibori,132.6,29.5,Open-Meteo Archive / CHIRPS v2.0 (simulé seed=42)
2024-08-12,Borgou,113.8,29.9,Open-Meteo Archive / CHIRPS v2.0 (simulé seed=42)
2024-08-19,Plateau,7.6,28.4,Open-Meteo Archive / CHIRPS v2.0 (simulé seed=42)
2024-08-19,Atlantique,20.7,28.6,Open-Meteo Archive / CHIRPS v2.0 (simulé seed=42)
2024-08-19,Donga,138.2,29.2,Open-Meteo Archive / CHIRPS v2.0 (simulé seed=42)
2024-08-19,Ouémé,16.9,28.8,Open-Meteo Archive / CHIRPS v2.0 (simulé seed=42)
2024-08-19,Couffo,8.3,28.8,Open-Meteo Archive / CHIRPS v2.0 (simulé seed=42)
2024-08-19,Zou,24.8,28.5,Open-Meteo Archive / CHIRPS v2.0 (simulé seed=42)
2024-08-19,Mono,24.5,28.6,Open-Meteo Archive / CHIRPS v2.0 (simulé seed=42)
2024-08-19,Collines,10.6,29.3,Open-Meteo Archive / CHIRPS v2.0 (simulé seed=42)
2024-08-19,Littoral,19.8,28.9,Open-Meteo Archive / CHIRPS v2.0 (simulé seed=42)
2024-08-19,Atacora,144.4,30.0,Open-Meteo Archive / CHIRPS v2.0 (simulé seed=42)
2024-08-19,Alibori,106.4,29.0,Open-Meteo Archive / CHIRPS v2.0 (simulé seed=42)
2024-08-19,Borgou,147.0,29.5,Open-Meteo Archive / CHIRPS v2.0 (simulé seed=42)
2024-08-26,Plateau,23.8,29.2,Open-Meteo Archive / CHIRPS v2.0 (simulé seed=42)
2024-08-26,Atlantique,16.8,27.9,Open-Meteo Archive / CHIRPS v2.0 (simulé seed=42)
2024-08-26,Donga,117.4,29.4,Open-Meteo Archive / CHIRPS v2.0 (simulé seed=42)
2024-08-26,Ouémé,23.7,29.1,Open-Meteo Archive / CHIRPS v2.0 (simulé seed=42)
2024-08-26,Couffo,15.2,28.8,Open-Meteo Archive / CHIRPS v2.0 (simulé seed=42)
2024-08-26,Zou,16.7,28.7,Open-Meteo Archive / CHIRPS v2.0 (simulé seed=42)
2024-08-26,Mono,14.6,29.3,Open-Meteo Archive / CHIRPS v2.0 (simulé seed=42)
2024-08-26,Collines,16.5,29.4,Open-Meteo Archive / CHIRPS v2.0 (simulé seed=42)
2024-08-26,Littoral,21.8,29.1,Open-Meteo Archive / CHIRPS v2.0 (simulé seed=42)
2024-08-26,Atacora,124.9,29.6,Open-Meteo Archive / CHIRPS v2.0 (simulé seed=42)
2024-08-26,Alibori,113.2,30.3,Open-Meteo Archive / CHIRPS v2.0 (simulé seed=42)
2024-08-26,Borgou,108.0,29.8,Open-Meteo Archive / CHIRPS v2.0 (simulé seed=42)
2024-09-02,Plateau,12.4,28.7,Open-Meteo Archive / CHIRPS v2.0 (simulé seed=42)
2024-09-02,Atlantique,11.2,29.0,Open-Meteo Archive / CHIRPS v2.0 (simulé seed=42)
2024-09-02,Donga,121.7,30.6,Open-Meteo Archive / CHIRPS v2.0 (simulé seed=42)
2024-09-02,Ouémé,15.0,29.6,Open-Meteo Archive / CHIRPS v2.0 (simulé seed=42)
2024-09-02,Couffo,16.9,29.2,Open-Meteo Archive / CHIRPS v2.0 (simulé seed=42)
2024-09-02,Zou,11.6,28.4,Open-Meteo Archive / CHIRPS v2.0 (simulé seed=42)
2024-09-02,Mono,12.1,28.7,Open-Meteo Archive / CHIRPS v2.0 (simulé seed=42)
2024-09-02,Collines,12.9,29.2,Open-Meteo Archive / CHIRPS v2.0 (simulé seed=42)
2024-09-02,Littoral,12.7,28.6,Open-Meteo Archive / CHIRPS v2.0 (simulé seed=42)
2024-09-02,Atacora,96.4,29.8,Open-Meteo Archive / CHIRPS v2.0 (simulé seed=42)
2024-09-02,Alibori,128.4,30.0,Open-Meteo Archive / CHIRPS v2.0 (simulé seed=42)
2024-09-02,Borgou,126.3,31.3,Open-Meteo Archive / CHIRPS v2.0 (simulé seed=42)
2024-09-09,Plateau,20.2,29.3,Open-Meteo Archive / CHIRPS v2.0 (simulé seed=42)
2024-09-09,Atlantique,26.9,28.8,Open-Meteo Archive / CHIRPS v2.0 (simulé seed=42)
2024-09-09,Donga,104.1,30.7,Open-Meteo Archive / CHIRPS v2.0 (simulé seed=42)
2024-09-09,Ouémé,23.3,29.5,Open-Meteo Archive / CHIRPS v2.0 (simulé seed=42)
2024-09-09,Couffo,22.7,29.1,Open-Meteo Archive / CHIRPS v2.0 (simulé seed=42)
2024-09-09,Zou,20.2,29.0,Open-Meteo Archive / CHIRPS v2.0 (simulé seed=42)
2024-09-09,Mono,25.6,28.6,Open-Meteo Archive / CHIRPS v2.0 (simulé seed=42)
2024-09-09,Collines,23.0,29.0,Open-Meteo Archive / CHIRPS v2.0 (simulé seed=42)
2024-09-09,Littoral,18.8,29.6,Open-Meteo Archive / CHIRPS v2.0 (simulé seed=42)
2024-09-09,Atacora,110.8,30.8,Open-Meteo Archive / CHIRPS v2.0 (simulé seed=42)
2024-09-09,Alibori,91.6,31.1,Open-Meteo Archive / CHIRPS v2.0 (simulé seed=42)
2024-09-09,Borgou,99.7,30.4,Open-Meteo Archive / CHIRPS v2.0 (simulé seed=42)
2024-09-16,Plateau,46.8,29.0,Open-Meteo Archive / CHIRPS v2.0 (simulé seed=42)
2024-09-16,Atlantique,44.1,28.2,Open-Meteo Archive / CHIRPS v2.0 (simulé seed=42)
2024-09-16,Donga,84.1,31.4,Open-Meteo Archive / CHIRPS v2.0 (simulé seed=42)
2024-09-16,Ouémé,33.2,29.2,Open-Meteo Archive / CHIRPS v2.0 (simulé seed=42)
2024-09-16,Couffo,31.2,29.3,Open-Meteo Archive / CHIRPS v2.0 (simulé seed=42)
2024-09-16,Zou,47.2,28.4,Open-Meteo Archive / CHIRPS v2.0 (simulé seed=42)
2024-09-16,Mono,31.4,29.2,Open-Meteo Archive / CHIRPS v2.0 (simulé seed=42)
2024-09-16,Collines,30.6,29.4,Open-Meteo Archive / CHIRPS v2.0 (simulé seed=42)
2024-09-16,Littoral,42.8,29.4,Open-Meteo Archive / CHIRPS v2.0 (simulé seed=42)
2024-09-16,Atacora,81.2,31.8,Open-Meteo Archive / CHIRPS v2.0 (simulé seed=42)
2024-09-16,Alibori,97.6,31.8,Open-Meteo Archive / CHIRPS v2.0 (simulé seed=42)
2024-09-16,Borgou,66.6,31.3,Open-Meteo Archive / CHIRPS v2.0 (simulé seed=42)
2024-09-23,Plateau,64.6,28.9,Open-Meteo Archive / CHIRPS v2.0 (simulé seed=42)
2024-09-23,Atlantique,55.5,28.2,Open-Meteo Archive / CHIRPS v2.0 (simulé seed=42)
2024-09-23,Donga,76.4,31.8,Open-Meteo Archive / CHIRPS v2.0 (simulé seed=42)
2024-09-23,Ouémé,61.8,29.3,Open-Meteo Archive / CHIRPS v2.0 (simulé seed=42)
2024-09-23,Couffo,43.4,29.2,Open-Meteo Archive / CHIRPS v2.0 (simulé seed=42)
2024-09-23,Zou,55.8,29.4,Open-Meteo Archive / CHIRPS v2.0 (simulé seed=42)
2024-09-23,Mono,46.8,28.6,Open-Meteo Archive / CHIRPS v2.0 (simulé seed=42)
2024-09-23,Collines,46.1,28.9,Open-Meteo Archive / CHIRPS v2.0 (simulé seed=42)
2024-09-23,Littoral,43.9,29.3,Open-Meteo Archive / CHIRPS v2.0 (simulé seed=42)
2024-09-23,Atacora,80.7,31.1,Open-Meteo Archive / CHIRPS v2.0 (simulé seed=42)
2024-09-23,Alibori,68.9,31.9,Open-Meteo Archive / CHIRPS v2.0 (simulé seed=42)
2024-09-23,Borgou,75.4,32.0,Open-Meteo Archive / CHIRPS v2.0 (simulé seed=42)
2024-09-30,Plateau,74.9,28.8,Open-Meteo Archive / CHIRPS v2.0 (simulé seed=42)
2024-09-30,Atlantique,84.8,29.8,Open-Meteo Archive / CHIRPS v2.0 (simulé seed=42)
2024-09-30,Donga,64.0,32.4,Open-Meteo Archive / CHIRPS v2.0 (simulé seed=42)
2024-09-30,Ouémé,81.4,28.4,Open-Meteo Archive / CHIRPS v2.0 (simulé seed=42)
2024-09-30,Couffo,67.4,29.5,Open-Meteo Archive / CHIRPS v2.0 (simulé seed=42)
2024-09-30,Zou,66.6,29.6,Open-Meteo Archive / CHIRPS v2.0 (simulé seed=42)
2024-09-30,Mono,69.8,29.3,Open-Meteo Archive / CHIRPS v2.0 (simulé seed=42)
2024-09-30,Collines,59.9,29.9,Open-Meteo Archive / CHIRPS v2.0 (simulé seed=42)
2024-09-30,Littoral,58.3,28.2,Open-Meteo Archive / CHIRPS v2.0 (simulé seed=42)
2024-09-30,Atacora,43.4,31.9,Open-Meteo Archive / CHIRPS v2.0 (simulé seed=42)
2024-09-30,Alibori,43.5,32.2,Open-Meteo Archive / CHIRPS v2.0 (simulé seed=42)
2024-09-30,Borgou,48.4,33.0,Open-Meteo Archive / CHIRPS v2.0 (simulé seed=42)
2024-10-07,Plateau,84.1,29.4,Open-Meteo Archive / CHIRPS v2.0 (simulé seed=42)
2024-10-07,Atlantique,92.6,29.4,Open-Meteo Archive / CHIRPS v2.0 (simulé seed=42)
2024-10-07,Donga,32.7,32.4,Open-Meteo Archive / CHIRPS v2.0 (simulé seed=42)
2024-10-07,Ouémé,91.4,29.1,Open-Meteo Archive / CHIRPS v2.0 (simulé seed=42)
2024-10-07,Couffo,85.6,29.5,Open-Meteo Archive / CHIRPS v2.0 (simulé seed=42)
2024-10-07,Zou,93.2,29.2,Open-Meteo Archive / CHIRPS v2.0 (simulé seed=42)
2024-10-07,Mono,72.7,28.6,Open-Meteo Archive / CHIRPS v2.0 (simulé seed=42)
2024-10-07,Collines,83.9,28.9,Open-Meteo Archive / CHIRPS v2.0 (simulé seed=42)
2024-10-07,Littoral,84.3,28.9,Open-Meteo Archive / CHIRPS v2.0 (simulé seed=42)
2024-10-07,Atacora,42.6,32.4,Open-Meteo Archive / CHIRPS v2.0 (simulé seed=42)
2024-10-07,Alibori,40.6,32.4,Open-Meteo Archive / CHIRPS v2.0 (simulé seed=42)
2024-10-07,Borgou,33.2,32.8,Open-Meteo Archive / CHIRPS v2.0 (simulé seed=42)
2024-10-14,Plateau,77.2,29.1,Open-Meteo Archive / CHIRPS v2.0 (simulé seed=42)
2024-10-14,Atlantique,89.0,28.5,Open-Meteo Archive / CHIRPS v2.0 (simulé seed=42)
2024-10-14,Donga,24.7,33.7,Open-Meteo Archive / CHIRPS v2.0 (simulé seed=42)
2024-10-14,Ouémé,99.8,28.5,Open-Meteo Archive / CHIRPS v2.0 (simulé seed=42)
2024-10-14,Couffo,104.3,29.4,Open-Meteo Archive / CHIRPS v2.0 (simulé seed=42)
2024-10-14,Zou,92.2,28.7,Open-Meteo Archive / CHIRPS v2.0 (simulé seed=42)
2024-10-14,Mono,67.1,29.2,Open-Meteo Archive / CHIRPS v2.0 (simulé seed=42)
2024-10-14,Collines,95.2,28.7,Open-Meteo Archive / CHIRPS v2.0 (simulé seed=42)
2024-10-14,Littoral,87.3,28.7,Open-Meteo Archive / CHIRPS v2.0 (simulé seed=42)
2024-10-14,Atacora,32.5,32.2,Open-Meteo Archive / CHIRPS v2.0 (simulé seed=42)
2024-10-14,Alibori,31.5,33.5,Open-Meteo Archive / CHIRPS v2.0 (simulé seed=42)
2024-10-14,Borgou,30.6,33.0,Open-Meteo Archive / CHIRPS v2.0 (simulé seed=42)
2024-10-21,Plateau,99.4,28.8,Open-Meteo Archive / CHIRPS v2.0 (simulé seed=42)
2024-10-21,Atlantique,65.8,29.2,Open-Meteo Archive / CHIRPS v2.0 (simulé seed=42)
2024-10-21,Donga,24.8,34.3,Open-Meteo Archive / CHIRPS v2.0 (simulé seed=42)
2024-10-21,Ouémé,95.1,28.3,Open-Meteo Archive / CHIRPS v2.0 (simulé seed=42)
2024-10-21,Couffo,81.3,28.4,Open-Meteo Archive / CHIRPS v2.0 (simulé seed=42)
2024-10-21,Zou,79.3,28.8,Open-Meteo Archive / CHIRPS v2.0 (simulé seed=42)
2024-10-21,Mono,100.8,29.2,Open-Meteo Archive / CHIRPS v2.0 (simulé seed=42)
2024-10-21,Collines,100.7,28.9,Open-Meteo Archive / CHIRPS v2.0 (simulé seed=42)
2024-10-21,Littoral,100.8,29.0,Open-Meteo Archive / CHIRPS v2.0 (simulé seed=42)
2024-10-21,Atacora,24.1,33.8,Open-Meteo Archive / CHIRPS v2.0 (simulé seed=42)
2024-10-21,Alibori,23.0,33.2,Open-Meteo Archive / CHIRPS v2.0 (simulé seed=42)
2024-10-21,Borgou,21.2,33.0,Open-Meteo Archive / CHIRPS v2.0 (simulé seed=42)
2024-10-28,Plateau,54.4,29.3,Open-Meteo Archive / CHIRPS v2.0 (simulé seed=42)
2024-10-28,Atlantique,74.5,28.4,Open-Meteo Archive / CHIRPS v2.0 (simulé seed=42)
2024-10-28,Donga,17.2,33.2,Open-Meteo Archive / CHIRPS v2.0 (simulé seed=42)
2024-10-28,Ouémé,74.8,29.4,Open-Meteo Archive / CHIRPS v2.0 (simulé seed=42)
2024-10-28,Couffo,55.1,28.9,Open-Meteo Archive / CHIRPS v2.0 (simulé seed=42)
2024-10-28,Zou,57.3,28.8,Open-Meteo Archive / CHIRPS v2.0 (simulé seed=42)
2024-10-28,Mono,79.0,29.1,Open-Meteo Archive / CHIRPS v2.0 (simulé seed=42)
2024-10-28,Collines,74.9,29.0,Open-Meteo Archive / CHIRPS v2.0 (simulé seed=42)
2024-10-28,Littoral,62.7,30.0,Open-Meteo Archive / CHIRPS v2.0 (simulé seed=42)
2024-10-28,Atacora,12.1,33.7,Open-Meteo Archive / CHIRPS v2.0 (simulé seed=42)
2024-10-28,Alibori,16.7,33.7,Open-Meteo Archive / CHIRPS v2.0 (simulé seed=42)
2024-10-28,Borgou,16.7,33.0,Open-Meteo Archive / CHIRPS v2.0 (simulé seed=42)
2024-11-04,Plateau,54.5,29.0,Open-Meteo Archive / CHIRPS v2.0 (simulé seed=42)
2024-11-04,Atlantique,42.8,28.8,Open-Meteo Archive / CHIRPS v2.0 (simulé seed=42)
2024-11-04,Donga,8.1,32.9,Open-Meteo Archive / CHIRPS v2.0 (simulé seed=42)
2024-11-04,Ouémé,50.6,29.0,Open-Meteo Archive / CHIRPS v2.0 (simulé seed=42)
2024-11-04,Couffo,43.3,29.3,Open-Meteo Archive / CHIRPS v2.0 (simulé seed=42)
2024-11-04,Zou,60.4,29.4,Open-Meteo Archive / CHIRPS v2.0 (simulé seed=42)
2024-11-04,Mono,61.1,28.7,Open-Meteo Archive / CHIRPS v2.0 (simulé seed=42)
2024-11-04,Collines,60.6,29.4,Open-Meteo Archive / CHIRPS v2.0 (simulé seed=42)
2024-11-04,Littoral,46.0,29.5,Open-Meteo Archive / CHIRPS v2.0 (simulé seed=42)
2024-11-04,Atacora,9.4,33.1,Open-Meteo Archive / CHIRPS v2.0 (simulé seed=42)
2024-11-04,Alibori,4.5,33.9,Open-Meteo Archive / CHIRPS v2.0 (simulé seed=42)
2024-11-04,Borgou,6.4,34.2,Open-Meteo Archive / CHIRPS v2.0 (simulé seed=42)
2024-11-11,Plateau,37.5,28.8,Open-Meteo Archive / CHIRPS v2.0 (simulé seed=42)
2024-11-11,Atlantique,37.1,29.3,Open-Meteo Archive / CHIRPS v2.0 (simulé seed=42)
2024-11-11,Donga,3.6,34.3,Open-Meteo Archive / CHIRPS v2.0 (simulé seed=42)
2024-11-11,Ouémé,31.7,29.2,Open-Meteo Archive / CHIRPS v2.0 (simulé seed=42)
2024-11-11,Couffo,35.5,29.1,Open-Meteo Archive / CHIRPS v2.0 (simulé seed=42)
2024-11-11,Zou,41.0,28.8,Open-Meteo Archive / CHIRPS v2.0 (simulé seed=42)
2024-11-11,Mono,40.1,29.3,Open-Meteo Archive / CHIRPS v2.0 (simulé seed=42)
2024-11-11,Collines,43.1,29.0,Open-Meteo Archive / CHIRPS v2.0 (simulé seed=42)
2024-11-11,Littoral,41.8,29.3,Open-Meteo Archive / CHIRPS v2.0 (simulé seed=42)
2024-11-11,Atacora,11.6,33.7,Open-Meteo Archive / CHIRPS v2.0 (simulé seed=42)
2024-11-11,Alibori,5.8,33.9,Open-Meteo Archive / CHIRPS v2.0 (simulé seed=42)
2024-11-11,Borgou,11.4,33.4,Open-Meteo Archive / CHIRPS v2.0 (simulé seed=42)
2024-11-18,Plateau,24.4,29.5,Open-Meteo Archive / CHIRPS v2.0 (simulé seed=42)
2024-11-18,Atlantique,28.2,29.3,Open-Meteo Archive / CHIRPS v2.0 (simulé seed=42)
2024-11-18,Donga,12.6,33.3,Open-Meteo Archive / CHIRPS v2.0 (simulé seed=42)
2024-11-18,Ouémé,26.4,29.3,Open-Meteo Archive / CHIRPS v2.0 (simulé seed=42)
2024-11-18,Couffo,27.5,29.4,Open-Meteo Archive / CHIRPS v2.0 (simulé seed=42)
2024-11-18,Zou,28.7,28.8,Open-Meteo Archive / CHIRPS v2.0 (simulé seed=42)
2024-11-18,Mono,29.0,29.7,Open-Meteo Archive / CHIRPS v2.0 (simulé seed=42)
2024-11-18,Collines,27.4,28.0,Open-Meteo Archive / CHIRPS v2.0 (simulé seed=42)
2024-11-18,Littoral,25.5,29.4,Open-Meteo Archive / CHIRPS v2.0 (simulé seed=42)
2024-11-18,Atacora,11.8,33.4,Open-Meteo Archive / CHIRPS v2.0 (simulé seed=42)
2024-11-18,Alibori,5.8,34.1,Open-Meteo Archive / CHIRPS v2.0 (simulé seed=42)
2024-11-18,Borgou,11.4,33.9,Open-Meteo Archive / CHIRPS v2.0 (simulé seed=42)
2024-11-25,Plateau,16.3,29.1,Open-Meteo Archive / CHIRPS v2.0 (simulé seed=42)
2024-11-25,Atlantique,13.9,29.4,Open-Meteo Archive / CHIRPS v2.0 (simulé seed=42)
2024-11-25,Donga,4.1,32.2,Open-Meteo Archive / CHIRPS v2.0 (simulé seed=42)
2024-11-25,Ouémé,13.8,28.6,Open-Meteo Archive / CHIRPS v2.0 (simulé seed=42)
2024-11-25,Couffo,11.2,29.1,Open-Meteo Archive / CHIRPS v2.0 (simulé seed=42)
2024-11-25,Zou,11.7,29.2,Open-Meteo Archive / CHIRPS v2.0 (simulé seed=42)
2024-11-25,Mono,16.5,29.1,Open-Meteo Archive / CHIRPS v2.0 (simulé seed=42)
2024-11-25,Collines,17.3,28.9,Open-Meteo Archive / CHIRPS v2.0 (simulé seed=42)
2024-11-25,Littoral,10.8,29.3,Open-Meteo Archive / CHIRPS v2.0 (simulé seed=42)
2024-11-25,Atacora,3.0,33.1,Open-Meteo Archive / CHIRPS v2.0 (simulé seed=42)
2024-11-25,Alibori,3.6,33.4,Open-Meteo Archive / CHIRPS v2.0 (simulé seed=42)
2024-11-25,Borgou,7.5,34.3,Open-Meteo Archive / CHIRPS v2.0 (simulé seed=42)
2024-12-02,Plateau,7.9,29.1,Open-Meteo Archive / CHIRPS v2.0 (simulé seed=42)
2024-12-02,Atlantique,20.4,29.6,Open-Meteo Archive / CHIRPS v2.0 (simulé seed=42)
2024-12-02,Donga,2.6,33.4,Open-Meteo Archive / CHIRPS v2.0 (simulé seed=42)
2024-12-02,Ouémé,9.1,29.5,Open-Meteo Archive / CHIRPS v2.0 (simulé seed=42)
2024-12-02,Couffo,11.7,28.8,Open-Meteo Archive / CHIRPS v2.0 (simulé seed=42)
2024-12-02,Zou,15.3,28.5,Open-Meteo Archive / CHIRPS v2.0 (simulé seed=42)
2024-12-02,Mono,23.2,28.9,Open-Meteo Archive / CHIRPS v2.0 (simulé seed=42)
2024-12-02,Collines,19.5,29.0,Open-Meteo Archive / CHIRPS v2.0 (simulé seed=42)
2024-12-02,Littoral,16.9,28.8,Open-Meteo Archive / CHIRPS v2.0 (simulé seed=42)
2024-12-02,Atacora,13.0,33.4,Open-Meteo Archive / CHIRPS v2.0 (simulé seed=42)
2024-12-02,Alibori,4.3,33.1,Open-Meteo Archive / CHIRPS v2.0 (simulé seed=42)
2024-12-02,Borgou,8.5,33.7,Open-Meteo Archive / CHIRPS v2.0 (simulé seed=42)
2024-12-09,Plateau,8.4,28.1,Open-Meteo Archive / CHIRPS v2.0 (simulé seed=42)
2024-12-09,Atlantique,20.8,29.3,Open-Meteo Archive / CHIRPS v2.0 (simulé seed=42)
2024-12-09,Donga,8.1,33.0,Open-Meteo Archive / CHIRPS v2.0 (simulé seed=42)
2024-12-09,Ouémé,19.5,29.0,Open-Meteo Archive / CHIRPS v2.0 (simulé seed=42)
2024-12-09,Couffo,13.1,29.0,Open-Meteo Archive / CHIRPS v2.0 (simulé seed=42)
2024-12-09,Zou,24.8,29.4,Open-Meteo Archive / CHIRPS v2.0 (simulé seed=42)
2024-12-09,Mono,16.7,28.7,Open-Meteo Archive / CHIRPS v2.0 (simulé seed=42)
2024-12-09,Collines,24.4,28.7,Open-Meteo Archive / CHIRPS v2.0 (simulé seed=42)
2024-12-09,Littoral,24.9,28.6,Open-Meteo Archive / CHIRPS v2.0 (simulé seed=42)
2024-12-09,Atacora,13.3,34.0,Open-Meteo Archive / CHIRPS v2.0 (simulé seed=42)
2024-12-09,Alibori,8.4,33.0,Open-Meteo Archive / CHIRPS v2.0 (simulé seed=42)
2024-12-09,Borgou,6.6,32.8,Open-Meteo Archive / CHIRPS v2.0 (simulé seed=42)
2024-12-16,Plateau,16.4,28.9,Open-Meteo Archive / CHIRPS v2.0 (simulé seed=42)
2024-12-16,Atlantique,8.0,29.3,Open-Meteo Archive / CHIRPS v2.0 (simulé seed=42)
2024-12-16,Donga,3.5,33.8,Open-Meteo Archive / CHIRPS v2.0 (simulé seed=42)
2024-12-16,Ouémé,10.2,29.3,Open-Meteo Archive / CHIRPS v2.0 (simulé seed=42)
2024-12-16,Couffo,9.4,29.1,Open-Meteo Archive / CHIRPS v2.0 (simulé seed=42)
2024-12-16,Zou,11.4,29.2,Open-Meteo Archive / CHIRPS v2.0 (simulé seed=42)
2024-12-16,Mono,18.6,29.0,Open-Meteo Archive / CHIRPS v2.0 (simulé seed=42)
2024-12-16,Collines,15.7,29.2,Open-Meteo Archive / CHIRPS v2.0 (simulé seed=42)
2024-12-16,Littoral,13.5,29.1,Open-Meteo Archive / CHIRPS v2.0 (simulé seed=42)
2024-12-16,Atacora,8.5,33.4,Open-Meteo Archive / CHIRPS v2.0 (simulé seed=42)
2024-12-16,Alibori,11.6,33.5,Open-Meteo Archive / CHIRPS v2.0 (simulé seed=42)
2024-12-16,Borgou,2.2,33.7,Open-Meteo Archive / CHIRPS v2.0 (simulé seed=42)
2024-12-23,Plateau,11.0,28.8,Open-Meteo Archive / CHIRPS v2.0 (simulé seed=42)
2024-12-23,Atlantique,8.8,29.4,Open-Meteo Archive / CHIRPS v2.0 (simulé seed=42)
2024-12-23,Donga,10.2,33.0,Open-Meteo Archive / CHIRPS v2.0 (simulé seed=42)
2024-12-23,Ouémé,8.7,28.9,Open-Meteo Archive / CHIRPS v2.0 (simulé seed=42)
2024-12-23,Couffo,11.5,28.7,Open-Meteo Archive / CHIRPS v2.0 (simulé seed=42)
2024-12-23,Zou,16.8,28.8,Open-Meteo Archive / CHIRPS v2.0 (simulé seed=42)
2024-12-23,Mono,10.5,29.4,Open-Meteo Archive / CHIRPS v2.0 (simulé seed=42)
2024-12-23,Collines,15.7,29.1,Open-Meteo Archive / CHIRPS v2.0 (simulé seed=42)
2024-12-23,Littoral,11.7,28.7,Open-Meteo Archive / CHIRPS v2.0 (simulé seed=42)
2024-12-23,Atacora,10.3,32.5,Open-Meteo Archive / CHIRPS v2.0 (simulé seed=42)
2024-12-23,Alibori,12.0,33.6,Open-Meteo Archive / CHIRPS v2.0 (simulé seed=42)
2024-12-23,Borgou,6.7,34.0,Open-Meteo Archive / CHIRPS v2.0 (simulé seed=42)
2024-12-30,Plateau,14.2,28.8,Open-Meteo Archive / CHIRPS v2.0 (simulé seed=42)
2024-12-30,Atlantique,5.8,28.8,Open-Meteo Archive / CHIRPS v2.0 (simulé seed=42)
2024-12-30,Donga,7.5,33.5,Open-Meteo Archive / CHIRPS v2.0 (simulé seed=42)
2024-12-30,Ouémé,19.5,29.1,Open-Meteo Archive / CHIRPS v2.0 (simulé seed=42)
2024-12-30,Couffo,6.5,29.6,Open-Meteo Archive / CHIRPS v2.0 (simulé seed=42)
2024-12-30,Zou,11.5,29.6,Open-Meteo Archive / CHIRPS v2.0 (simulé seed=42)
2024-12-30,Mono,9.7,29.4,Open-Meteo Archive / CHIRPS v2.0 (simulé seed=42)
2024-12-30,Collines,10.7,29.1,Open-Meteo Archive / CHIRPS v2.0 (simulé seed=42)
2024-12-30,Littoral,14.5,28.7,Open-Meteo Archive / CHIRPS v2.0 (simulé seed=42)
2024-12-30,Atacora,8.8,34.3,Open-Meteo Archive / CHIRPS v2.0 (simulé seed=42)
2024-12-30,Alibori,11.7,33.8,Open-Meteo Archive / CHIRPS v2.0 (simulé seed=42)
2024-12-30,Borgou,4.8,33.6,Open-Meteo Archive / CHIRPS v2.0 (simulé seed=42)
2025-01-06,Plateau,24.9,29.2,Open-Meteo Archive / CHIRPS v2.0 (simulé seed=42)
2025-01-06,Atlantique,5.4,28.6,Open-Meteo Archive / CHIRPS v2.0 (simulé seed=42)
2025-01-06,Donga,5.5,32.8,Open-Meteo Archive / CHIRPS v2.0 (simulé seed=42)
2025-01-06,Ouémé,5.7,29.0,Open-Meteo Archive / CHIRPS v2.0 (simulé seed=42)
2025-01-06,Couffo,16.0,29.1,Open-Meteo Archive / CHIRPS v2.0 (simulé seed=42)
2025-01-06,Zou,18.4,29.2,Open-Meteo Archive / CHIRPS v2.0 (simulé seed=42)
2025-01-06,Mono,17.8,27.8,Open-Meteo Archive / CHIRPS v2.0 (simulé seed=42)
2025-01-06,Collines,8.1,28.6,Open-Meteo Archive / CHIRPS v2.0 (simulé seed=42)
2025-01-06,Littoral,21.8,29.4,Open-Meteo Archive / CHIRPS v2.0 (simulé seed=42)
2025-01-06,Atacora,7.6,33.6,Open-Meteo Archive / CHIRPS v2.0 (simulé seed=42)
2025-01-06,Alibori,5.1,33.7,Open-Meteo Archive / CHIRPS v2.0 (simulé seed=42)
2025-01-06,Borgou,10.6,33.1,Open-Meteo Archive / CHIRPS v2.0 (simulé seed=42)
2025-01-13,Plateau,22.3,29.0,Open-Meteo Archive / CHIRPS v2.0 (simulé seed=42)
2025-01-13,Atlantique,17.8,29.4,Open-Meteo Archive / CHIRPS v2.0 (simulé seed=42)
2025-01-13,Donga,13.2,33.8,Open-Meteo Archive / CHIRPS v2.0 (simulé seed=42)
2025-01-13,Ouémé,11.2,28.8,Open-Meteo Archive / CHIRPS v2.0 (simulé seed=42)
2025-01-13,Couffo,9.2,27.8,Open-Meteo Archive / CHIRPS v2.0 (simulé seed=42)
2025-01-13,Zou,14.2,29.2,Open-Meteo Archive / CHIRPS v2.0 (simulé seed=42)
2025-01-13,Mono,15.4,30.3,Open-Meteo Archive / CHIRPS v2.0 (simulé seed=42)
2025-01-13,Collines,23.7,29.3,Open-Meteo Archive / CHIRPS v2.0 (simulé seed=42)
2025-01-13,Littoral,13.2,29.3,Open-Meteo Archive / CHIRPS v2.0 (simulé seed=42)
2025-01-13,Atacora,6.9,33.9,Open-Meteo Archive / CHIRPS v2.0 (simulé seed=42)
2025-01-13,Alibori,3.8,33.6,Open-Meteo Archive / CHIRPS v2.0 (simulé seed=42)
2025-01-13,Borgou,12.3,32.5,Open-Meteo Archive / CHIRPS v2.0 (simulé seed=42)
2025-01-20,Plateau,19.0,29.1,Open-Meteo Archive / CHIRPS v2.0 (simulé seed=42)
2025-01-20,Atlantique,14.2,28.7,Open-Meteo Archive / CHIRPS v2.0 (simulé seed=42)
2025-01-20,Donga,9.6,33.3,Open-Meteo Archive / CHIRPS v2.0 (simulé seed=42)
2025-01-20,Ouémé,8.5,29.8,Open-Meteo Archive / CHIRPS v2.0 (simulé seed=42)
2025-01-20,Couffo,20.3,29.3,Open-Meteo Archive / CHIRPS v2.0 (simulé seed=42)
2025-01-20,Zou,15.6,28.9,Open-Meteo Archive / CHIRPS v2.0 (simulé seed=42)
2025-01-20,Mono,6.1,29.0,Open-Meteo Archive / CHIRPS v2.0 (simulé seed=42)
2025-01-20,Collines,11.3,28.6,Open-Meteo Archive / CHIRPS v2.0 (simulé seed=42)
2025-01-20,Littoral,10.5,28.6,Open-Meteo Archive / CHIRPS v2.0 (simulé seed=42)
2025-01-20,Atacora,7.8,33.2,Open-Meteo Archive / CHIRPS v2.0 (simulé seed=42)
2025-01-20,Alibori,13.9,34.0,Open-Meteo Archive / CHIRPS v2.0 (simulé seed=42)
2025-01-20,Borgou,5.7,33.4,Open-Meteo Archive / CHIRPS v2.0 (simulé seed=42)
2025-01-27,Plateau,7.5,29.4,Open-Meteo Archive / CHIRPS v2.0 (simulé seed=42)
2025-01-27,Atlantique,15.5,29.3,Open-Meteo Archive / CHIRPS v2.0 (simulé seed=42)
2025-01-27,Donga,13.1,33.9,Open-Meteo Archive / CHIRPS v2.0 (simulé seed=42)
2025-01-27,Ouémé,24.3,29.3,Open-Meteo Archive / CHIRPS v2.0 (simulé seed=42)
2025-01-27,Couffo,19.8,29.7,Open-Meteo Archive / CHIRPS v2.0 (simulé seed=42)
2025-01-27,Zou,24.6,28.8,Open-Meteo Archive / CHIRPS v2.0 (simulé seed=42)
2025-01-27,Mono,10.8,29.0,Open-Meteo Archive / CHIRPS v2.0 (simulé seed=42)
2025-01-27,Collines,5.3,29.0,Open-Meteo Archive / CHIRPS v2.0 (simulé seed=42)
2025-01-27,Littoral,9.9,28.7,Open-Meteo Archive / CHIRPS v2.0 (simulé seed=42)
2025-01-27,Atacora,3.9,33.3,Open-Meteo Archive / CHIRPS v2.0 (simulé seed=42)
2025-01-27,Alibori,3.0,33.2,Open-Meteo Archive / CHIRPS v2.0 (simulé seed=42)
2025-01-27,Borgou,9.9,34.0,Open-Meteo Archive / CHIRPS v2.0 (simulé seed=42)
2025-02-03,Plateau,6.8,28.5,Open-Meteo Archive / CHIRPS v2.0 (simulé seed=42)
2025-02-03,Atlantique,16.4,28.9,Open-Meteo Archive / CHIRPS v2.0 (simulé seed=42)
2025-02-03,Donga,5.0,33.1,Open-Meteo Archive / CHIRPS v2.0 (simulé seed=42)
2025-02-03,Ouémé,19.4,28.7,Open-Meteo Archive / CHIRPS v2.0 (simulé seed=42)
2025-02-03,Couffo,13.9,29.0,Open-Meteo Archive / CHIRPS v2.0 (simulé seed=42)
2025-02-03,Zou,21.4,28.6,Open-Meteo Archive / CHIRPS v2.0 (simulé seed=42)
2025-02-03,Mono,12.5,29.4,Open-Meteo Archive / CHIRPS v2.0 (simulé seed=42)
2025-02-03,Collines,24.3,28.5,Open-Meteo Archive / CHIRPS v2.0 (simulé seed=42)
2025-02-03,Littoral,13.0,28.7,Open-Meteo Archive / CHIRPS v2.0 (simulé seed=42)
2025-02-03,Atacora,9.1,33.3,Open-Meteo Archive / CHIRPS v2.0 (simulé seed=42)
2025-02-03,Alibori,13.9,34.2,Open-Meteo Archive / CHIRPS v2.0 (simulé seed=42)
2025-02-03,Borgou,4.4,33.0,Open-Meteo Archive / CHIRPS v2.0 (simulé seed=42)
2025-02-10,Plateau,7.2,28.9,Open-Meteo Archive / CHIRPS v2.0 (simulé seed=42)
2025-02-10,Atlantique,7.4,28.9,Open-Meteo Archive / CHIRPS v2.0 (simulé seed=42)
2025-02-10,Donga,8.2,32.9,Open-Meteo Archive / CHIRPS v2.0 (simulé seed=42)
2025-02-10,Ouémé,21.1,28.3,Open-Meteo Archive / CHIRPS v2.0 (simulé seed=42)
2025-02-10,Couffo,23.4,28.5,Open-Meteo Archive / CHIRPS v2.0 (simulé seed=42)
2025-02-10,Zou,19.8,28.8,Open-Meteo Archive / CHIRPS v2.0 (simulé seed=42)
2025-02-10,Mono,23.0,29.2,Open-Meteo Archive / CHIRPS v2.0 (simulé seed=42)
2025-02-10,Collines,13.3,29.2,Open-Meteo Archive / CHIRPS v2.0 (simulé seed=42)
2025-02-10,Littoral,19.2,29.7,Open-Meteo Archive / CHIRPS v2.0 (simulé seed=42)
2025-02-10,Atacora,9.9,33.2,Open-Meteo Archive / CHIRPS v2.0 (simulé seed=42)
2025-02-10,Alibori,2.9,33.9,Open-Meteo Archive / CHIRPS v2.0 (simulé seed=42)
2025-02-10,Borgou,6.4,33.9,Open-Meteo Archive / CHIRPS v2.0 (simulé seed=42)
2025-02-17,Plateau,17.7,29.7,Open-Meteo Archive / CHIRPS v2.0 (simulé seed=42)
2025-02-17,Atlantique,21.1,28.9,Open-Meteo Archive / CHIRPS v2.0 (simulé seed=42)
2025-02-17,Donga,6.4,34.6,Open-Meteo Archive / CHIRPS v2.0 (simulé seed=42)
2025-02-17,Ouémé,21.2,29.2,Open-Meteo Archive / CHIRPS v2.0 (simulé seed=42)
2025-02-17,Couffo,19.9,28.5,Open-Meteo Archive / CHIRPS v2.0 (simulé seed=42)
2025-02-17,Zou,17.3,29.4,Open-Meteo Archive / CHIRPS v2.0 (simulé seed=42)
2025-02-17,Mono,5.9,28.6,Open-Meteo Archive / CHIRPS v2.0 (simulé seed=42)
2025-02-17,Collines,18.6,29.5,Open-Meteo Archive / CHIRPS v2.0 (simulé seed=42)
2025-02-17,Littoral,14.1,28.7,Open-Meteo Archive / CHIRPS v2.0 (simulé seed=42)
2025-02-17,Atacora,7.8,33.9,Open-Meteo Archive / CHIRPS v2.0 (simulé seed=42)
2025-02-17,Alibori,11.7,33.0,Open-Meteo Archive / CHIRPS v2.0 (simulé seed=42)
2025-02-17,Borgou,8.4,32.7,Open-Meteo Archive / CHIRPS v2.0 (simulé seed=42)
2025-02-24,Plateau,12.3,29.1,Open-Meteo Archive / CHIRPS v2.0 (simulé seed=42)
2025-02-24,Atlantique,24.0,29.3,Open-Meteo Archive / CHIRPS v2.0 (simulé seed=42)
2025-02-24,Donga,2.0,33.3,Open-Meteo Archive / CHIRPS v2.0 (simulé seed=42)
2025-02-24,Ouémé,24.5,28.6,Open-Meteo Archive / CHIRPS v2.0 (simulé seed=42)
2025-02-24,Couffo,6.9,29.1,Open-Meteo Archive / CHIRPS v2.0 (simulé seed=42)
2025-02-24,Zou,8.2,29.2,Open-Meteo Archive / CHIRPS v2.0 (simulé seed=42)
2025-02-24,Mono,14.3,29.8,Open-Meteo Archive / CHIRPS v2.0 (simulé seed=42)
2025-02-24,Collines,7.7,28.9,Open-Meteo Archive / CHIRPS v2.0 (simulé seed=42)
2025-02-24,Littoral,12.9,29.8,Open-Meteo Archive / CHIRPS v2.0 (simulé seed=42)
2025-02-24,Atacora,3.9,33.4,Open-Meteo Archive / CHIRPS v2.0 (simulé seed=42)
2025-02-24,Alibori,2.2,33.9,Open-Meteo Archive / CHIRPS v2.0 (simulé seed=42)
2025-02-24,Borgou,13.2,32.8,Open-Meteo Archive / CHIRPS v2.0 (simulé seed=42)
2025-03-03,Plateau,5.5,28.6,Open-Meteo Archive / CHIRPS v2.0 (simulé seed=42)
2025-03-03,Atlantique,15.8,29.4,Open-Meteo Archive / CHIRPS v2.0 (simulé seed=42)
2025-03-03,Donga,10.9,34.8,Open-Meteo Archive / CHIRPS v2.0 (simulé seed=42)
2025-03-03,Ouémé,18.2,28.9,Open-Meteo Archive / CHIRPS v2.0 (simulé seed=42)
2025-03-03,Couffo,19.3,29.7,Open-Meteo Archive / CHIRPS v2.0 (simulé seed=42)
2025-03-03,Zou,6.9,29.1,Open-Meteo Archive / CHIRPS v2.0 (simulé seed=42)
2025-03-03,Mono,24.5,29.0,Open-Meteo Archive / CHIRPS v2.0 (simulé seed=42)
2025-03-03,Collines,11.7,29.0,Open-Meteo Archive / CHIRPS v2.0 (simulé seed=42)
2025-03-03,Littoral,15.5,28.9,Open-Meteo Archive / CHIRPS v2.0 (simulé seed=42)
2025-03-03,Atacora,2.1,33.7,Open-Meteo Archive / CHIRPS v2.0 (simulé seed=42)
2025-03-03,Alibori,4.8,33.6,Open-Meteo Archive / CHIRPS v2.0 (simulé seed=42)
2025-03-03,Borgou,4.3,33.5,Open-Meteo Archive / CHIRPS v2.0 (simulé seed=42)
2025-03-10,Plateau,21.3,28.6,Open-Meteo Archive / CHIRPS v2.0 (simulé seed=42)
2025-03-10,Atlantique,15.6,28.4,Open-Meteo Archive / CHIRPS v2.0 (simulé seed=42)
2025-03-10,Donga,12.2,33.8,Open-Meteo Archive / CHIRPS v2.0 (simulé seed=42)
2025-03-10,Ouémé,17.9,29.0,Open-Meteo Archive / CHIRPS v2.0 (simulé seed=42)
2025-03-10,Couffo,15.1,28.8,Open-Meteo Archive / CHIRPS v2.0 (simulé seed=42)
2025-03-10,Zou,20.8,29.2,Open-Meteo Archive / CHIRPS v2.0 (simulé seed=42)
2025-03-10,Mono,22.3,29.2,Open-Meteo Archive / CHIRPS v2.0 (simulé seed=42)
2025-03-10,Collines,10.7,29.2,Open-Meteo Archive / CHIRPS v2.0 (simulé seed=42)
2025-03-10,Littoral,5.5,29.2,Open-Meteo Archive / CHIRPS v2.0 (simulé seed=42)
2025-03-10,Atacora,12.7,32.9,Open-Meteo Archive / CHIRPS v2.0 (simulé seed=42)
2025-03-10,Alibori,6.1,32.9,Open-Meteo Archive / CHIRPS v2.0 (simulé seed=42)
2025-03-10,Borgou,8.0,34.4,Open-Meteo Archive / CHIRPS v2.0 (simulé seed=42)
2025-03-17,Plateau,16.8,29.3,Open-Meteo Archive / CHIRPS v2.0 (simulé seed=42)
2025-03-17,Atlantique,10.0,28.8,Open-Meteo Archive / CHIRPS v2.0 (simulé seed=42)
2025-03-17,Donga,8.7,34.0,Open-Meteo Archive / CHIRPS v2.0 (simulé seed=42)
2025-03-17,Ouémé,13.2,28.5,Open-Meteo Archive / CHIRPS v2.0 (simulé seed=42)
2025-03-17,Couffo,11.6,27.9,Open-Meteo Archive / CHIRPS v2.0 (simulé seed=42)
2025-03-17,Zou,22.5,29.0,Open-Meteo Archive / CHIRPS v2.0 (simulé seed=42)
2025-03-17,Mono,13.0,28.8,Open-Meteo Archive / CHIRPS v2.0 (simulé seed=42)
2025-03-17,Collines,7.0,29.1,Open-Meteo Archive / CHIRPS v2.0 (simulé seed=42)
2025-03-17,Littoral,17.5,29.0,Open-Meteo Archive / CHIRPS v2.0 (simulé seed=42)
2025-03-17,Atacora,10.6,33.5,Open-Meteo Archive / CHIRPS v2.0 (simulé seed=42)
2025-03-17,Alibori,11.2,33.5,Open-Meteo Archive / CHIRPS v2.0 (simulé seed=42)
2025-03-17,Borgou,8.4,34.1,Open-Meteo Archive / CHIRPS v2.0 (simulé seed=42)
2025-03-24,Plateau,19.1,29.6,Open-Meteo Archive / CHIRPS v2.0 (simulé seed=42)
2025-03-24,Atlantique,18.5,29.2,Open-Meteo Archive / CHIRPS v2.0 (simulé seed=42)
2025-03-24,Donga,14.2,32.8,Open-Meteo Archive / CHIRPS v2.0 (simulé seed=42)
2025-03-24,Ouémé,19.1,28.9,Open-Meteo Archive / CHIRPS v2.0 (simulé seed=42)
2025-03-24,Couffo,16.3,29.0,Open-Meteo Archive / CHIRPS v2.0 (simulé seed=42)
2025-03-24,Zou,11.9,29.0,Open-Meteo Archive / CHIRPS v2.0 (simulé seed=42)
2025-03-24,Mono,10.6,28.6,Open-Meteo Archive / CHIRPS v2.0 (simulé seed=42)
2025-03-24,Collines,23.1,28.8,Open-Meteo Archive / CHIRPS v2.0 (simulé seed=42)
2025-03-24,Littoral,11.6,29.0,Open-Meteo Archive / CHIRPS v2.0 (simulé seed=42)
2025-03-24,Atacora,6.0,33.5,Open-Meteo Archive / CHIRPS v2.0 (simulé seed=42)
2025-03-24,Alibori,12.4,34.5,Open-Meteo Archive / CHIRPS v2.0 (simulé seed=42)
2025-03-24,Borgou,14.6,33.6,Open-Meteo Archive / CHIRPS v2.0 (simulé seed=42)
2025-03-31,Plateau,3.3,27.9,Open-Meteo Archive / CHIRPS v2.0 (simulé seed=42)
2025-03-31,Atlantique,3.4,29.0,Open-Meteo Archive / CHIRPS v2.0 (simulé seed=42)
2025-03-31,Donga,7.0,33.9,Open-Meteo Archive / CHIRPS v2.0 (simulé seed=42)
2025-03-31,Ouémé,4.1,29.1,Open-Meteo Archive / CHIRPS v2.0 (simulé seed=42)
2025-03-31,Couffo,4.1,28.5,Open-Meteo Archive / CHIRPS v2.0 (simulé seed=42)
2025-03-31,Zou,3.1,28.8,Open-Meteo Archive / CHIRPS v2.0 (simulé seed=42)
2025-03-31,Mono,3.4,29.1,Open-Meteo Archive / CHIRPS v2.0 (simulé seed=42)
2025-03-31,Collines,4.6,29.5,Open-Meteo Archive / CHIRPS v2.0 (simulé seed=42)
2025-03-31,Littoral,4.1,28.7,Open-Meteo Archive / CHIRPS v2.0 (simulé seed=42)
2025-03-31,Atacora,6.1,34.1,Open-Meteo Archive / CHIRPS v2.0 (simulé seed=42)
2025-03-31,Alibori,7.9,34.1,Open-Meteo Archive / CHIRPS v2.0 (simulé seed=42)
2025-03-31,Borgou,7.3,32.5,Open-Meteo Archive / CHIRPS v2.0 (simulé seed=42)
2025-04-07,Plateau,9.4,28.4,Open-Meteo Archive / CHIRPS v2.0 (simulé seed=42)
2025-04-07,Atlantique,9.5,28.1,Open-Meteo Archive / CHIRPS v2.0 (simulé seed=42)
2025-04-07,Donga,3.6,33.0,Open-Meteo Archive / CHIRPS v2.0 (simulé seed=42)
2025-04-07,Ouémé,8.7,29.6,Open-Meteo Archive / CHIRPS v2.0 (simulé seed=42)
2025-04-07,Couffo,6.4,28.6,Open-Meteo Archive / CHIRPS v2.0 (simulé seed=42)
2025-04-07,Zou,8.0,28.8,Open-Meteo Archive / CHIRPS v2.0 (simulé seed=42)
2025-04-07,Mono,8.8,29.5,Open-Meteo Archive / CHIRPS v2.0 (simulé seed=42)
2025-04-07,Collines,7.1,28.7,Open-Meteo Archive / CHIRPS v2.0 (simulé seed=42)
2025-04-07,Littoral,8.3,28.6,Open-Meteo Archive / CHIRPS v2.0 (simulé seed=42)
2025-04-07,Atacora,4.0,33.8,Open-Meteo Archive / CHIRPS v2.0 (simulé seed=42)
2025-04-07,Alibori,14.8,34.5,Open-Meteo Archive / CHIRPS v2.0 (simulé seed=42)
2025-04-07,Borgou,12.7,33.6,Open-Meteo Archive / CHIRPS v2.0 (simulé seed=42)
2025-04-14,Plateau,11.7,28.6,Open-Meteo Archive / CHIRPS v2.0 (simulé seed=42)
2025-04-14,Atlantique,11.5,28.8,Open-Meteo Archive / CHIRPS v2.0 (simulé seed=42)
2025-04-14,Donga,13.3,33.5,Open-Meteo Archive / CHIRPS v2.0 (simulé seed=42)
2025-04-14,Ouémé,12.3,29.6,Open-Meteo Archive / CHIRPS v2.0 (simulé seed=42)
2025-04-14,Couffo,13.2,28.4,Open-Meteo Archive / CHIRPS v2.0 (simulé seed=42)
2025-04-14,Zou,16.5,28.8,Open-Meteo Archive / CHIRPS v2.0 (simulé seed=42)
2025-04-14,Mono,13.0,28.4,Open-Meteo Archive / CHIRPS v2.0 (simulé seed=42)
2025-04-14,Collines,12.6,29.5,Open-Meteo Archive / CHIRPS v2.0 (simulé seed=42)
2025-04-14,Littoral,13.9,28.9,Open-Meteo Archive / CHIRPS v2.0 (simulé seed=42)
2025-04-14,Atacora,9.0,33.9,Open-Meteo Archive / CHIRPS v2.0 (simulé seed=42)
2025-04-14,Alibori,2.2,33.4,Open-Meteo Archive / CHIRPS v2.0 (simulé seed=42)
2025-04-14,Borgou,12.8,33.4,Open-Meteo Archive / CHIRPS v2.0 (simulé seed=42)
2025-04-21,Plateau,24.3,29.4,Open-Meteo Archive / CHIRPS v2.0 (simulé seed=42)
2025-04-21,Atlantique,22.6,28.5,Open-Meteo Archive / CHIRPS v2.0 (simulé seed=42)
2025-04-21,Donga,8.9,33.6,Open-Meteo Archive / CHIRPS v2.0 (simulé seed=42)
2025-04-21,Ouémé,27.1,27.9,Open-Meteo Archive / CHIRPS v2.0 (simulé seed=42)
2025-04-21,Couffo,28.8,28.5,Open-Meteo Archive / CHIRPS v2.0 (simulé seed=42)
2025-04-21,Zou,24.2,28.7,Open-Meteo Archive / CHIRPS v2.0 (simulé seed=42)
2025-04-21,Mono,27.3,28.3,Open-Meteo Archive / CHIRPS v2.0 (simulé seed=42)
2025-04-21,Collines,23.5,28.3,Open-Meteo Archive / CHIRPS v2.0 (simulé seed=42)
2025-04-21,Littoral,22.9,27.6,Open-Meteo Archive / CHIRPS v2.0 (simulé seed=42)
2025-04-21,Atacora,7.2,33.0,Open-Meteo Archive / CHIRPS v2.0 (simulé seed=42)
2025-04-21,Alibori,11.2,33.3,Open-Meteo Archive / CHIRPS v2.0 (simulé seed=42)
2025-04-21,Borgou,3.7,32.9,Open-Meteo Archive / CHIRPS v2.0 (simulé seed=42)
2025-04-28,Plateau,38.1,28.6,Open-Meteo Archive / CHIRPS v2.0 (simulé seed=42)
2025-04-28,Atlantique,39.7,27.8,Open-Meteo Archive / CHIRPS v2.0 (simulé seed=42)
2025-04-28,Donga,1.8,33.7,Open-Meteo Archive / CHIRPS v2.0 (simulé seed=42)
2025-04-28,Ouémé,34.7,28.0,Open-Meteo Archive / CHIRPS v2.0 (simulé seed=42)
2025-04-28,Couffo,31.9,27.8,Open-Meteo Archive / CHIRPS v2.0 (simulé seed=42)
2025-04-28,Zou,33.7,28.3,Open-Meteo Archive / CHIRPS v2.0 (simulé seed=42)
2025-04-28,Mono,38.6,27.9,Open-Meteo Archive / CHIRPS v2.0 (simulé seed=42)
2025-04-28,Collines,38.6,29.1,Open-Meteo Archive / CHIRPS v2.0 (simulé seed=42)
2025-04-28,Littoral,37.8,27.9,Open-Meteo Archive / CHIRPS v2.0 (simulé seed=42)
2025-04-28,Atacora,2.1,33.9,Open-Meteo Archive / CHIRPS v2.0 (simulé seed=42)
2025-04-28,Alibori,1.9,34.1,Open-Meteo Archive / CHIRPS v2.0 (simulé seed=42)
2025-04-28,Borgou,2.3,33.1,Open-Meteo Archive / CHIRPS v2.0 (simulé seed=42)
2025-05-05,Plateau,43.1,28.0,Open-Meteo Archive / CHIRPS v2.0 (simulé seed=42)
2025-05-05,Atlantique,61.3,28.7,Open-Meteo Archive / CHIRPS v2.0 (simulé seed=42)
2025-05-05,Donga,3.3,34.5,Open-Meteo Archive / CHIRPS v2.0 (simulé seed=42)
2025-05-05,Ouémé,48.8,28.3,Open-Meteo Archive / CHIRPS v2.0 (simulé seed=42)
2025-05-05,Couffo,52.1,28.3,Open-Meteo Archive / CHIRPS v2.0 (simulé seed=42)
2025-05-05,Zou,51.5,27.4,Open-Meteo Archive / CHIRPS v2.0 (simulé seed=42)
2025-05-05,Mono,59.6,28.0,Open-Meteo Archive / CHIRPS v2.0 (simulé seed=42)
2025-05-05,Collines,39.6,28.3,Open-Meteo Archive / CHIRPS v2.0 (simulé seed=42)
2025-05-05,Littoral,64.6,28.3,Open-Meteo Archive / CHIRPS v2.0 (simulé seed=42)
2025-05-05,Atacora,3.8,33.9,Open-Meteo Archive / CHIRPS v2.0 (simulé seed=42)
2025-05-05,Alibori,4.2,33.5,Open-Meteo Archive / CHIRPS v2.0 (simulé seed=42)
2025-05-05,Borgou,3.3,33.8,Open-Meteo Archive / CHIRPS v2.0 (simulé seed=42)
2025-05-12,Plateau,73.1,28.1,Open-Meteo Archive / CHIRPS v2.0 (simulé seed=42)
2025-05-12,Atlantique,79.6,27.3,Open-Meteo Archive / CHIRPS v2.0 (simulé seed=42)
2025-05-12,Donga,6.3,33.5,Open-Meteo Archive / CHIRPS v2.0 (simulé seed=42)
2025-05-12,Ouémé,56.5,28.0,Open-Meteo Archive / CHIRPS v2.0 (simulé seed=42)
2025-05-12,Couffo,74.6,28.3,Open-Meteo Archive / CHIRPS v2.0 (simulé seed=42)
2025-05-12,Zou,77.6,28.2,Open-Meteo Archive / CHIRPS v2.0 (simulé seed=42)
2025-05-12,Mono,59.2,27.8,Open-Meteo Archive / CHIRPS v2.0 (simulé seed=42)
2025-05-12,Collines,80.2,27.8,Open-Meteo Archive / CHIRPS v2.0 (simulé seed=42)
2025-05-12,Littoral,74.0,28.3,Open-Meteo Archive / CHIRPS v2.0 (simulé seed=42)
2025-05-12,Atacora,5.3,33.8,Open-Meteo Archive / CHIRPS v2.0 (simulé seed=42)
2025-05-12,Alibori,5.4,33.6,Open-Meteo Archive / CHIRPS v2.0 (simulé seed=42)
2025-05-12,Borgou,6.9,33.8,Open-Meteo Archive / CHIRPS v2.0 (simulé seed=42)
2025-05-19,Plateau,69.5,27.2,Open-Meteo Archive / CHIRPS v2.0 (simulé seed=42)
2025-05-19,Atlantique,97.4,27.5,Open-Meteo Archive / CHIRPS v2.0 (simulé seed=42)
2025-05-19,Donga,8.9,32.7,Open-Meteo Archive / CHIRPS v2.0 (simulé seed=42)
2025-05-19,Ouémé,96.2,27.6,Open-Meteo Archive / CHIRPS v2.0 (simulé seed=42)
2025-05-19,Couffo,78.4,27.0,Open-Meteo Archive / CHIRPS v2.0 (simulé seed=42)
2025-05-19,Zou,90.0,27.3,Open-Meteo Archive / CHIRPS v2.0 (simulé seed=42)
2025-05-19,Mono,68.1,27.6,Open-Meteo Archive / CHIRPS v2.0 (simulé seed=42)
2025-05-19,Collines,67.6,27.4,Open-Meteo Archive / CHIRPS v2.0 (simulé seed=42)
2025-05-19,Littoral,70.3,28.1,Open-Meteo Archive / CHIRPS v2.0 (simulé seed=42)
2025-05-19,Atacora,11.1,33.5,Open-Meteo Archive / CHIRPS v2.0 (simulé seed=42)
2025-05-19,Alibori,9.5,33.7,Open-Meteo Archive / CHIRPS v2.0 (simulé seed=42)
2025-05-19,Borgou,8.1,33.1,Open-Meteo Archive / CHIRPS v2.0 (simulé seed=42)
2025-05-26,Plateau,74.7,27.3,Open-Meteo Archive / CHIRPS v2.0 (simulé seed=42)
2025-05-26,Atlantique,83.1,26.9,Open-Meteo Archive / CHIRPS v2.0 (simulé seed=42)
2025-05-26,Donga,12.6,33.6,Open-Meteo Archive / CHIRPS v2.0 (simulé seed=42)
2025-05-26,Ouémé,103.5,26.9,Open-Meteo Archive / CHIRPS v2.0 (simulé seed=42)
2025-05-26,Couffo,92.2,27.5,Open-Meteo Archive / CHIRPS v2.0 (simulé seed=42)
2025-05-26,Zou,72.3,28.0,Open-Meteo Archive / CHIRPS v2.0 (simulé seed=42)
2025-05-26,Mono,107.4,27.1,Open-Meteo Archive / CHIRPS v2.0 (simulé seed=42)
2025-05-26,Collines,86.2,26.5,Open-Meteo Archive / CHIRPS v2.0 (simulé seed=42)
2025-05-26,Littoral,85.1,27.6,Open-Meteo Archive / CHIRPS v2.0 (simulé seed=42)
2025-05-26,Atacora,17.0,33.6,Open-Meteo Archive / CHIRPS v2.0 (simulé seed=42)
2025-05-26,Alibori,13.8,33.6,Open-Meteo Archive / CHIRPS v2.0 (simulé seed=42)
2025-05-26,Borgou,15.7,32.9,Open-Meteo Archive / CHIRPS v2.0 (simulé seed=42)
2025-06-02,Plateau,124.4,26.3,Open-Meteo Archive / CHIRPS v2.0 (simulé seed=42)
2025-06-02,Atlantique,112.7,26.4,Open-Meteo Archive / CHIRPS v2.0 (simulé seed=42)
2025-06-02,Donga,17.4,32.7,Open-Meteo Archive / CHIRPS v2.0 (simulé seed=42)
2025-06-02,Ouémé,97.7,26.7,Open-Meteo Archive / CHIRPS v2.0 (simulé seed=42)
2025-06-02,Couffo,123.2,26.6,Open-Meteo Archive / CHIRPS v2.0 (simulé seed=42)
2025-06-02,Zou,117.8,27.0,Open-Meteo Archive / CHIRPS v2.0 (simulé seed=42)
2025-06-02,Mono,98.4,26.8,Open-Meteo Archive / CHIRPS v2.0 (simulé seed=42)
2025-06-02,Collines,111.4,26.7,Open-Meteo Archive / CHIRPS v2.0 (simulé seed=42)
2025-06-02,Littoral,91.1,27.2,Open-Meteo Archive / CHIRPS v2.0 (simulé seed=42)
2025-06-02,Atacora,21.1,32.6,Open-Meteo Archive / CHIRPS v2.0 (simulé seed=42)
2025-06-02,Alibori,25.1,32.9,Open-Meteo Archive / CHIRPS v2.0 (simulé seed=42)
2025-06-02,Borgou,18.1,33.6,Open-Meteo Archive / CHIRPS v2.0 (simulé seed=42)
2025-06-09,Plateau,102.6,27.3,Open-Meteo Archive / CHIRPS v2.0 (simulé seed=42)
2025-06-09,Atlantique,85.8,26.9,Open-Meteo Archive / CHIRPS v2.0 (simulé seed=42)
2025-06-09,Donga,24.1,33.0,Open-Meteo Archive / CHIRPS v2.0 (simulé seed=42)
2025-06-09,Ouémé,100.4,27.5,Open-Meteo Archive / CHIRPS v2.0 (simulé seed=42)
2025-06-09,Couffo,78.0,26.3,Open-Meteo Archive / CHIRPS v2.0 (simulé seed=42)
2025-06-09,Zou,119.5,26.9,Open-Meteo Archive / CHIRPS v2.0 (simulé seed=42)
2025-06-09,Mono,78.8,26.5,Open-Meteo Archive / CHIRPS v2.0 (simulé seed=42)
2025-06-09,Collines,117.2,26.7,Open-Meteo Archive / CHIRPS v2.0 (simulé seed=42)
2025-06-09,Littoral,114.0,27.3,Open-Meteo Archive / CHIRPS v2.0 (simulé seed=42)
2025-06-09,Atacora,24.3,33.5,Open-Meteo Archive / CHIRPS v2.0 (simulé seed=42)
2025-06-09,Alibori,32.8,32.7,Open-Meteo Archive / CHIRPS v2.0 (simulé seed=42)
2025-06-09,Borgou,31.6,32.6,Open-Meteo Archive / CHIRPS v2.0 (simulé seed=42)
2025-06-16,Plateau,83.7,26.1,Open-Meteo Archive / CHIRPS v2.0 (simulé seed=42)
2025-06-16,Atlantique,96.7,26.0,Open-Meteo Archive / CHIRPS v2.0 (simulé seed=42)
2025-06-16,Donga,47.1,32.7,Open-Meteo Archive / CHIRPS v2.0 (simulé seed=42)
2025-06-16,Ouémé,104.6,26.8,Open-Meteo Archive / CHIRPS v2.0 (simulé seed=42)
2025-06-16,Couffo,71.3,26.7,Open-Meteo Archive / CHIRPS v2.0 (simulé seed=42)
2025-06-16,Zou,71.7,26.4,Open-Meteo Archive / CHIRPS v2.0 (simulé seed=42)
2025-06-16,Mono,92.1,26.2,Open-Meteo Archive / CHIRPS v2.0 (simulé seed=42)
2025-06-16,Collines,80.3,26.7,Open-Meteo Archive / CHIRPS v2.0 (simulé seed=42)
2025-06-16,Littoral,76.1,26.3,Open-Meteo Archive / CHIRPS v2.0 (simulé seed=42)
2025-06-16,Atacora,41.5,32.2,Open-Meteo Archive / CHIRPS v2.0 (simulé seed=42)
2025-06-16,Alibori,37.6,32.9,Open-Meteo Archive / CHIRPS v2.0 (simulé seed=42)
2025-06-16,Borgou,36.8,32.1,Open-Meteo Archive / CHIRPS v2.0 (simulé seed=42)
2025-06-23,Plateau,85.7,26.5,Open-Meteo Archive / CHIRPS v2.0 (simulé seed=42)
2025-06-23,Atlantique,55.4,26.7,Open-Meteo Archive / CHIRPS v2.0 (simulé seed=42)
2025-06-23,Donga,52.4,31.6,Open-Meteo Archive / CHIRPS v2.0 (simulé seed=42)
2025-06-23,Ouémé,76.6,26.5,Open-Meteo Archive / CHIRPS v2.0 (simulé seed=42)
2025-06-23,Couffo,84.3,26.9,Open-Meteo Archive / CHIRPS v2.0 (simulé seed=42)
2025-06-23,Zou,81.5,27.0,Open-Meteo Archive / CHIRPS v2.0 (simulé seed=42)
2025-06-23,Mono,77.2,26.6,Open-Meteo Archive / CHIRPS v2.0 (simulé seed=42)
2025-06-23,Collines,54.5,26.4,Open-Meteo Archive / CHIRPS v2.0 (simulé seed=42)
2025-06-23,Littoral,55.8,26.4,Open-Meteo Archive / CHIRPS v2.0 (simulé seed=42)
2025-06-23,Atacora,58.6,32.5,Open-Meteo Archive / CHIRPS v2.0 (simulé seed=42)
2025-06-23,Alibori,59.1,32.1,Open-Meteo Archive / CHIRPS v2.0 (simulé seed=42)
2025-06-23,Borgou,48.6,33.4,Open-Meteo Archive / CHIRPS v2.0 (simulé seed=42)
2025-06-30,Plateau,59.3,26.9,Open-Meteo Archive / CHIRPS v2.0 (simulé seed=42)
2025-06-30,Atlantique,63.1,26.4,Open-Meteo Archive / CHIRPS v2.0 (simulé seed=42)
2025-06-30,Donga,60.7,31.6,Open-Meteo Archive / CHIRPS v2.0 (simulé seed=42)
2025-06-30,Ouémé,41.1,26.6,Open-Meteo Archive / CHIRPS v2.0 (simulé seed=42)
2025-06-30,Couffo,46.5,26.7,Open-Meteo Archive / CHIRPS v2.0 (simulé seed=42)
2025-06-30,Zou,58.6,26.4,Open-Meteo Archive / CHIRPS v2.0 (simulé seed=42)
2025-06-30,Mono,57.9,27.4,Open-Meteo Archive / CHIRPS v2.0 (simulé seed=42)
2025-06-30,Collines,58.0,26.9,Open-Meteo Archive / CHIRPS v2.0 (simulé seed=42)
2025-06-30,Littoral,45.1,27.1,Open-Meteo Archive / CHIRPS v2.0 (simulé seed=42)
2025-06-30,Atacora,74.2,31.7,Open-Meteo Archive / CHIRPS v2.0 (simulé seed=42)
2025-06-30,Alibori,71.6,31.6,Open-Meteo Archive / CHIRPS v2.0 (simulé seed=42)
2025-06-30,Borgou,65.4,31.6,Open-Meteo Archive / CHIRPS v2.0 (simulé seed=42)
2025-07-07,Plateau,39.4,26.8,Open-Meteo Archive / CHIRPS v2.0 (simulé seed=42)
2025-07-07,Atlantique,35.8,26.9,Open-Meteo Archive / CHIRPS v2.0 (simulé seed=42)
2025-07-07,Donga,81.3,30.8,Open-Meteo Archive / CHIRPS v2.0 (simulé seed=42)
2025-07-07,Ouémé,45.9,27.2,Open-Meteo Archive / CHIRPS v2.0 (simulé seed=42)
2025-07-07,Couffo,39.2,26.7,Open-Meteo Archive / CHIRPS v2.0 (simulé seed=42)
2025-07-07,Zou,36.6,27.5,Open-Meteo Archive / CHIRPS v2.0 (simulé seed=42)
2025-07-07,Mono,30.2,27.5,Open-Meteo Archive / CHIRPS v2.0 (simulé seed=42)
2025-07-07,Collines,30.4,26.9,Open-Meteo Archive / CHIRPS v2.0 (simulé seed=42)
2025-07-07,Littoral,32.2,26.6,Open-Meteo Archive / CHIRPS v2.0 (simulé seed=42)
2025-07-07,Atacora,79.4,31.4,Open-Meteo Archive / CHIRPS v2.0 (simulé seed=42)
2025-07-07,Alibori,81.7,31.4,Open-Meteo Archive / CHIRPS v2.0 (simulé seed=42)
2025-07-07,Borgou,78.6,31.7,Open-Meteo Archive / CHIRPS v2.0 (simulé seed=42)
2025-07-14,Plateau,24.6,27.4,Open-Meteo Archive / CHIRPS v2.0 (simulé seed=42)
2025-07-14,Atlantique,18.9,27.6,Open-Meteo Archive / CHIRPS v2.0 (simulé seed=42)
2025-07-14,Donga,95.3,30.7,Open-Meteo Archive / CHIRPS v2.0 (simulé seed=42)
2025-07-14,Ouémé,20.2,27.2,Open-Meteo Archive / CHIRPS v2.0 (simulé seed=42)
2025-07-14,Couffo,23.6,27.0,Open-Meteo Archive / CHIRPS v2.0 (simulé seed=42)
2025-07-14,Zou,20.5,27.0,Open-Meteo Archive / CHIRPS v2.0 (simulé seed=42)
2025-07-14,Mono,28.1,27.2,Open-Meteo Archive / CHIRPS v2.0 (simulé seed=42)
2025-07-14,Collines,19.9,27.7,Open-Meteo Archive / CHIRPS v2.0 (simulé seed=42)
2025-07-14,Littoral,27.3,27.1,Open-Meteo Archive / CHIRPS v2.0 (simulé seed=42)
2025-07-14,Atacora,81.5,30.5,Open-Meteo Archive / CHIRPS v2.0 (simulé seed=42)
2025-07-14,Alibori,104.0,31.1,Open-Meteo Archive / CHIRPS v2.0 (simulé seed=42)
2025-07-14,Borgou,85.2,29.8,Open-Meteo Archive / CHIRPS v2.0 (simulé seed=42)
2025-07-21,Plateau,13.9,28.8,Open-Meteo Archive / CHIRPS v2.0 (simulé seed=42)
2025-07-21,Atlantique,12.3,27.8,Open-Meteo Archive / CHIRPS v2.0 (simulé seed=42)
2025-07-21,Donga,126.2,30.2,Open-Meteo Archive / CHIRPS v2.0 (simulé seed=42)
2025-07-21,Ouémé,14.5,27.6,Open-Meteo Archive / CHIRPS v2.0 (simulé seed=42)
2025-07-21,Couffo,16.8,27.7,Open-Meteo Archive / CHIRPS v2.0 (simulé seed=42)
2025-07-21,Zou,15.3,27.7,Open-Meteo Archive / CHIRPS v2.0 (simulé seed=42)
2025-07-21,Mono,16.0,28.3,Open-Meteo Archive / CHIRPS v2.0 (simulé seed=42)
2025-07-21,Collines,12.9,28.2,Open-Meteo Archive / CHIRPS v2.0 (simulé seed=42)
2025-07-21,Littoral,16.8,27.9,Open-Meteo Archive / CHIRPS v2.0 (simulé seed=42)
2025-07-21,Atacora,89.1,30.2,Open-Meteo Archive / CHIRPS v2.0 (simulé seed=42)
2025-07-21,Alibori,126.1,31.4,Open-Meteo Archive / CHIRPS v2.0 (simulé seed=42)
2025-07-21,Borgou,110.1,30.0,Open-Meteo Archive / CHIRPS v2.0 (simulé seed=42)
2025-07-28,Plateau,21.5,28.7,Open-Meteo Archive / CHIRPS v2.0 (simulé seed=42)
2025-07-28,Atlantique,14.7,28.2,Open-Meteo Archive / CHIRPS v2.0 (simulé seed=42)
2025-07-28,Donga,137.7,29.3,Open-Meteo Archive / CHIRPS v2.0 (simulé seed=42)
2025-07-28,Ouémé,5.7,27.5,Open-Meteo Archive / CHIRPS v2.0 (simulé seed=42)
2025-07-28,Couffo,10.2,28.2,Open-Meteo Archive / CHIRPS v2.0 (simulé seed=42)
2025-07-28,Zou,22.7,27.9,Open-Meteo Archive / CHIRPS v2.0 (simulé seed=42)
2025-07-28,Mono,24.8,27.7,Open-Meteo Archive / CHIRPS v2.0 (simulé seed=42)
2025-07-28,Collines,9.8,28.4,Open-Meteo Archive / CHIRPS v2.0 (simulé seed=42)
2025-07-28,Littoral,18.8,28.8,Open-Meteo Archive / CHIRPS v2.0 (simulé seed=42)
2025-07-28,Atacora,137.3,30.8,Open-Meteo Archive / CHIRPS v2.0 (simulé seed=42)
2025-07-28,Alibori,130.8,30.1,Open-Meteo Archive / CHIRPS v2.0 (simulé seed=42)
2025-07-28,Borgou,113.1,29.1,Open-Meteo Archive / CHIRPS v2.0 (simulé seed=42)
2025-08-04,Plateau,17.7,28.9,Open-Meteo Archive / CHIRPS v2.0 (simulé seed=42)
2025-08-04,Atlantique,12.9,28.6,Open-Meteo Archive / CHIRPS v2.0 (simulé seed=42)
2025-08-04,Donga,112.8,30.3,Open-Meteo Archive / CHIRPS v2.0 (simulé seed=42)
2025-08-04,Ouémé,16.6,28.6,Open-Meteo Archive / CHIRPS v2.0 (simulé seed=42)
2025-08-04,Couffo,15.0,28.4,Open-Meteo Archive / CHIRPS v2.0 (simulé seed=42)
2025-08-04,Zou,12.0,28.5,Open-Meteo Archive / CHIRPS v2.0 (simulé seed=42)
2025-08-04,Mono,19.2,28.4,Open-Meteo Archive / CHIRPS v2.0 (simulé seed=42)
2025-08-04,Collines,20.5,28.3,Open-Meteo Archive / CHIRPS v2.0 (simulé seed=42)
2025-08-04,Littoral,24.7,28.6,Open-Meteo Archive / CHIRPS v2.0 (simulé seed=42)
2025-08-04,Atacora,106.8,30.6,Open-Meteo Archive / CHIRPS v2.0 (simulé seed=42)
2025-08-04,Alibori,120.1,29.2,Open-Meteo Archive / CHIRPS v2.0 (simulé seed=42)
2025-08-04,Borgou,118.7,30.0,Open-Meteo Archive / CHIRPS v2.0 (simulé seed=42)
2025-08-11,Plateau,5.3,28.8,Open-Meteo Archive / CHIRPS v2.0 (simulé seed=42)
2025-08-11,Atlantique,12.3,28.1,Open-Meteo Archive / CHIRPS v2.0 (simulé seed=42)
2025-08-11,Donga,128.7,29.0,Open-Meteo Archive / CHIRPS v2.0 (simulé seed=42)
2025-08-11,Ouémé,14.6,28.6,Open-Meteo Archive / CHIRPS v2.0 (simulé seed=42)
2025-08-11,Couffo,12.2,28.8,Open-Meteo Archive / CHIRPS v2.0 (simulé seed=42)
2025-08-11,Zou,8.7,27.8,Open-Meteo Archive / CHIRPS v2.0 (simulé seed=42)
2025-08-11,Mono,19.5,29.2,Open-Meteo Archive / CHIRPS v2.0 (simulé seed=42)
2025-08-11,Collines,14.0,29.2,Open-Meteo Archive / CHIRPS v2.0 (simulé seed=42)
2025-08-11,Littoral,20.9,28.8,Open-Meteo Archive / CHIRPS v2.0 (simulé seed=42)
2025-08-11,Atacora,105.7,29.8,Open-Meteo Archive / CHIRPS v2.0 (simulé seed=42)
2025-08-11,Alibori,119.9,29.4,Open-Meteo Archive / CHIRPS v2.0 (simulé seed=42)
2025-08-11,Borgou,112.0,30.3,Open-Meteo Archive / CHIRPS v2.0 (simulé seed=42)
2025-08-18,Plateau,12.7,29.0,Open-Meteo Archive / CHIRPS v2.0 (simulé seed=42)
2025-08-18,Atlantique,5.5,28.5,Open-Meteo Archive / CHIRPS v2.0 (simulé seed=42)
2025-08-18,Donga,141.1,29.7,Open-Meteo Archive / CHIRPS v2.0 (simulé seed=42)
2025-08-18,Ouémé,8.9,28.6,Open-Meteo Archive / CHIRPS v2.0 (simulé seed=42)
2025-08-18,Couffo,14.8,29.1,Open-Meteo Archive / CHIRPS v2.0 (simulé seed=42)
2025-08-18,Zou,17.4,29.0,Open-Meteo Archive / CHIRPS v2.0 (simulé seed=42)
2025-08-18,Mono,8.9,28.7,Open-Meteo Archive / CHIRPS v2.0 (simulé seed=42)
2025-08-18,Collines,12.4,28.9,Open-Meteo Archive / CHIRPS v2.0 (simulé seed=42)
2025-08-18,Littoral,21.6,28.0,Open-Meteo Archive / CHIRPS v2.0 (simulé seed=42)
2025-08-18,Atacora,113.8,30.0,Open-Meteo Archive / CHIRPS v2.0 (simulé seed=42)
2025-08-18,Alibori,142.9,28.5,Open-Meteo Archive / CHIRPS v2.0 (simulé seed=42)
2025-08-18,Borgou,138.1,29.9,Open-Meteo Archive / CHIRPS v2.0 (simulé seed=42)
2025-08-25,Plateau,19.0,28.9,Open-Meteo Archive / CHIRPS v2.0 (simulé seed=42)
2025-08-25,Atlantique,8.8,29.2,Open-Meteo Archive / CHIRPS v2.0 (simulé seed=42)
2025-08-25,Donga,128.2,30.0,Open-Meteo Archive / CHIRPS v2.0 (simulé seed=42)
2025-08-25,Ouémé,23.6,29.3,Open-Meteo Archive / CHIRPS v2.0 (simulé seed=42)
2025-08-25,Couffo,15.7,28.3,Open-Meteo Archive / CHIRPS v2.0 (simulé seed=42)
2025-08-25,Zou,13.9,28.2,Open-Meteo Archive / CHIRPS v2.0 (simulé seed=42)
2025-08-25,Mono,18.9,29.2,Open-Meteo Archive / CHIRPS v2.0 (simulé seed=42)
2025-08-25,Collines,24.5,28.5,Open-Meteo Archive / CHIRPS v2.0 (simulé seed=42)
2025-08-25,Littoral,6.8,29.5,Open-Meteo Archive / CHIRPS v2.0 (simulé seed=42)
2025-08-25,Atacora,113.5,29.1,Open-Meteo Archive / CHIRPS v2.0 (simulé seed=42)
2025-08-25,Alibori,104.2,29.4,Open-Meteo Archive / CHIRPS v2.0 (simulé seed=42)
2025-08-25,Borgou,97.9,30.8,Open-Meteo Archive / CHIRPS v2.0 (simulé seed=42)
2025-09-01,Plateau,16.9,29.2,Open-Meteo Archive / CHIRPS v2.0 (simulé seed=42)
2025-09-01,Atlantique,11.3,29.0,Open-Meteo Archive / CHIRPS v2.0 (simulé seed=42)
2025-09-01,Donga,96.9,30.3,Open-Meteo Archive / CHIRPS v2.0 (simulé seed=42)
2025-09-01,Ouémé,12.1,28.7,Open-Meteo Archive / CHIRPS v2.0 (simulé seed=42)
2025-09-01,Couffo,15.7,29.0,Open-Meteo Archive / CHIRPS v2.0 (simulé seed=42)
2025-09-01,Zou,13.2,28.3,Open-Meteo Archive / CHIRPS v2.0 (simulé seed=42)
2025-09-01,Mono,17.6,28.8,Open-Meteo Archive / CHIRPS v2.0 (simulé seed=42)
2025-09-01,Collines,14.6,29.0,Open-Meteo Archive / CHIRPS v2.0 (simulé seed=42)
2025-09-01,Littoral,10.7,29.1,Open-Meteo Archive / CHIRPS v2.0 (simulé seed=42)
2025-09-01,Atacora,122.9,30.7,Open-Meteo Archive / CHIRPS v2.0 (simulé seed=42)
2025-09-01,Alibori,101.9,30.4,Open-Meteo Archive / CHIRPS v2.0 (simulé seed=42)
2025-09-01,Borgou,112.8,31.9,Open-Meteo Archive / CHIRPS v2.0 (simulé seed=42)
2025-09-08,Plateau,28.1,29.1,Open-Meteo Archive / CHIRPS v2.0 (simulé seed=42)
2025-09-08,Atlantique,18.3,29.2,Open-Meteo Archive / CHIRPS v2.0 (simulé seed=42)
2025-09-08,Donga,99.1,30.0,Open-Meteo Archive / CHIRPS v2.0 (simulé seed=42)
2025-09-08,Ouémé,30.2,29.8,Open-Meteo Archive / CHIRPS v2.0 (simulé seed=42)
2025-09-08,Couffo,30.4,29.7,Open-Meteo Archive / CHIRPS v2.0 (simulé seed=42)
2025-09-08,Zou,30.2,28.5,Open-Meteo Archive / CHIRPS v2.0 (simulé seed=42)
2025-09-08,Mono,20.1,29.1,Open-Meteo Archive / CHIRPS v2.0 (simulé seed=42)
2025-09-08,Collines,19.7,29.6,Open-Meteo Archive / CHIRPS v2.0 (simulé seed=42)
2025-09-08,Littoral,29.6,28.8,Open-Meteo Archive / CHIRPS v2.0 (simulé seed=42)
2025-09-08,Atacora,107.2,31.2,Open-Meteo Archive / CHIRPS v2.0 (simulé seed=42)
2025-09-08,Alibori,114.8,30.3,Open-Meteo Archive / CHIRPS v2.0 (simulé seed=42)
2025-09-08,Borgou,95.1,31.0,Open-Meteo Archive / CHIRPS v2.0 (simulé seed=42)
2025-09-15,Plateau,44.4,29.3,Open-Meteo Archive / CHIRPS v2.0 (simulé seed=42)
2025-09-15,Atlantique,36.9,28.7,Open-Meteo Archive / CHIRPS v2.0 (simulé seed=42)
2025-09-15,Donga,92.2,31.3,Open-Meteo Archive / CHIRPS v2.0 (simulé seed=42)
2025-09-15,Ouémé,35.6,29.4,Open-Meteo Archive / CHIRPS v2.0 (simulé seed=42)
2025-09-15,Couffo,37.1,29.0,Open-Meteo Archive / CHIRPS v2.0 (simulé seed=42)
2025-09-15,Zou,40.9,29.0,Open-Meteo Archive / CHIRPS v2.0 (simulé seed=42)
2025-09-15,Mono,30.4,29.1,Open-Meteo Archive / CHIRPS v2.0 (simulé seed=42)
2025-09-15,Collines,41.9,29.4,Open-Meteo Archive / CHIRPS v2.0 (simulé seed=42)
2025-09-15,Littoral,33.5,28.6,Open-Meteo Archive / CHIRPS v2.0 (simulé seed=42)
2025-09-15,Atacora,91.5,31.0,Open-Meteo Archive / CHIRPS v2.0 (simulé seed=42)
2025-09-15,Alibori,76.4,31.4,Open-Meteo Archive / CHIRPS v2.0 (simulé seed=42)
2025-09-15,Borgou,92.6,31.8,Open-Meteo Archive / CHIRPS v2.0 (simulé seed=42)
2025-09-22,Plateau,59.1,29.3,Open-Meteo Archive / CHIRPS v2.0 (simulé seed=42)
2025-09-22,Atlantique,65.6,29.2,Open-Meteo Archive / CHIRPS v2.0 (simulé seed=42)
2025-09-22,Donga,59.3,31.9,Open-Meteo Archive / CHIRPS v2.0 (simulé seed=42)
2025-09-22,Ouémé,49.9,28.9,Open-Meteo Archive / CHIRPS v2.0 (simulé seed=42)
2025-09-22,Couffo,53.3,29.6,Open-Meteo Archive / CHIRPS v2.0 (simulé seed=42)
2025-09-22,Zou,60.1,28.5,Open-Meteo Archive / CHIRPS v2.0 (simulé seed=42)
2025-09-22,Mono,57.4,28.5,Open-Meteo Archive / CHIRPS v2.0 (simulé seed=42)
2025-09-22,Collines,48.0,28.8,Open-Meteo Archive / CHIRPS v2.0 (simulé seed=42)
2025-09-22,Littoral,47.3,29.3,Open-Meteo Archive / CHIRPS v2.0 (simulé seed=42)
2025-09-22,Atacora,66.3,31.3,Open-Meteo Archive / CHIRPS v2.0 (simulé seed=42)
2025-09-22,Alibori,56.2,32.1,Open-Meteo Archive / CHIRPS v2.0 (simulé seed=42)
2025-09-22,Borgou,62.7,32.2,Open-Meteo Archive / CHIRPS v2.0 (simulé seed=42)
2025-09-29,Plateau,85.4,29.4,Open-Meteo Archive / CHIRPS v2.0 (simulé seed=42)
2025-09-29,Atlantique,80.3,29.5,Open-Meteo Archive / CHIRPS v2.0 (simulé seed=42)
2025-09-29,Donga,45.8,32.5,Open-Meteo Archive / CHIRPS v2.0 (simulé seed=42)
2025-09-29,Ouémé,70.4,29.3,Open-Meteo Archive / CHIRPS v2.0 (simulé seed=42)
2025-09-29,Couffo,76.3,28.7,Open-Meteo Archive / CHIRPS v2.0 (simulé seed=42)
2025-09-29,Zou,64.1,29.6,Open-Meteo Archive / CHIRPS v2.0 (simulé seed=42)
2025-09-29,Mono,66.0,28.7,Open-Meteo Archive / CHIRPS v2.0 (simulé seed=42)
2025-09-29,Collines,84.9,29.6,Open-Meteo Archive / CHIRPS v2.0 (simulé seed=42)
2025-09-29,Littoral,62.8,28.8,Open-Meteo Archive / CHIRPS v2.0 (simulé seed=42)
2025-09-29,Atacora,45.9,33.0,Open-Meteo Archive / CHIRPS v2.0 (simulé seed=42)
2025-09-29,Alibori,47.1,32.6,Open-Meteo Archive / CHIRPS v2.0 (simulé seed=42)
2025-09-29,Borgou,44.5,32.1,Open-Meteo Archive / CHIRPS v2.0 (simulé seed=42)
2025-10-06,Plateau,98.0,29.5,Open-Meteo Archive / CHIRPS v2.0 (simulé seed=42)
2025-10-06,Atlantique,60.9,28.3,Open-Meteo Archive / CHIRPS v2.0 (simulé seed=42)
2025-10-06,Donga,40.6,33.1,Open-Meteo Archive / CHIRPS v2.0 (simulé seed=42)
2025-10-06,Ouémé,67.8,29.2,Open-Meteo Archive / CHIRPS v2.0 (simulé seed=42)
2025-10-06,Couffo,89.0,29.2,Open-Meteo Archive / CHIRPS v2.0 (simulé seed=42)
2025-10-06,Zou,85.5,28.7,Open-Meteo Archive / CHIRPS v2.0 (simulé seed=42)
2025-10-06,Mono,88.3,29.1,Open-Meteo Archive / CHIRPS v2.0 (simulé seed=42)
2025-10-06,Collines,72.1,29.2,Open-Meteo Archive / CHIRPS v2.0 (simulé seed=42)
2025-10-06,Littoral,88.2,29.4,Open-Meteo Archive / CHIRPS v2.0 (simulé seed=42)
2025-10-06,Atacora,36.4,32.1,Open-Meteo Archive / CHIRPS v2.0 (simulé seed=42)
2025-10-06,Alibori,47.9,32.0,Open-Meteo Archive / CHIRPS v2.0 (simulé seed=42)
2025-10-06,Borgou,39.2,32.3,Open-Meteo Archive / CHIRPS v2.0 (simulé seed=42)
2025-10-13,Plateau,80.3,29.2,Open-Meteo Archive / CHIRPS v2.0 (simulé seed=42)
2025-10-13,Atlantique,103.2,29.6,Open-Meteo Archive / CHIRPS v2.0 (simulé seed=42)
2025-10-13,Donga,27.9,32.3,Open-Meteo Archive / CHIRPS v2.0 (simulé seed=42)
2025-10-13,Ouémé,99.6,29.6,Open-Meteo Archive / CHIRPS v2.0 (simulé seed=42)
2025-10-13,Couffo,94.9,28.7,Open-Meteo Archive / CHIRPS v2.0 (simulé seed=42)
2025-10-13,Zou,67.5,28.5,Open-Meteo Archive / CHIRPS v2.0 (simulé seed=42)
2025-10-13,Mono,64.3,28.4,Open-Meteo Archive / CHIRPS v2.0 (simulé seed=42)
2025-10-13,Collines,97.3,28.6,Open-Meteo Archive / CHIRPS v2.0 (simulé seed=42)
2025-10-13,Littoral,74.7,29.5,Open-Meteo Archive / CHIRPS v2.0 (simulé seed=42)
2025-10-13,Atacora,26.6,32.6,Open-Meteo Archive / CHIRPS v2.0 (simulé seed=42)
2025-10-13,Alibori,34.2,34.0,Open-Meteo Archive / CHIRPS v2.0 (simulé seed=42)
2025-10-13,Borgou,35.4,32.8,Open-Meteo Archive / CHIRPS v2.0 (simulé seed=42)
2025-10-20,Plateau,76.6,29.3,Open-Meteo Archive / CHIRPS v2.0 (simulé seed=42)
2025-10-20,Atlantique,63.0,29.9,Open-Meteo Archive / CHIRPS v2.0 (simulé seed=42)
2025-10-20,Donga,24.4,32.4,Open-Meteo Archive / CHIRPS v2.0 (simulé seed=42)
2025-10-20,Ouémé,60.7,29.2,Open-Meteo Archive / CHIRPS v2.0 (simulé seed=42)
2025-10-20,Couffo,86.6,29.5,Open-Meteo Archive / CHIRPS v2.0 (simulé seed=42)
2025-10-20,Zou,99.3,28.9,Open-Meteo Archive / CHIRPS v2.0 (simulé seed=42)
2025-10-20,Mono,91.0,29.2,Open-Meteo Archive / CHIRPS v2.0 (simulé seed=42)
2025-10-20,Collines,65.7,28.6,Open-Meteo Archive / CHIRPS v2.0 (simulé seed=42)
2025-10-20,Littoral,70.6,29.0,Open-Meteo Archive / CHIRPS v2.0 (simulé seed=42)
2025-10-20,Atacora,23.2,33.2,Open-Meteo Archive / CHIRPS v2.0 (simulé seed=42)
2025-10-20,Alibori,17.0,33.2,Open-Meteo Archive / CHIRPS v2.0 (simulé seed=42)
2025-10-20,Borgou,24.4,33.3,Open-Meteo Archive / CHIRPS v2.0 (simulé seed=42)
2025-10-27,Plateau,54.6,28.9,Open-Meteo Archive / CHIRPS v2.0 (simulé seed=42)
2025-10-27,Atlantique,77.0,28.5,Open-Meteo Archive / CHIRPS v2.0 (simulé seed=42)
2025-10-27,Donga,17.1,33.3,Open-Meteo Archive / CHIRPS v2.0 (simulé seed=42)
2025-10-27,Ouémé,58.8,29.6,Open-Meteo Archive / CHIRPS v2.0 (simulé seed=42)
2025-10-27,Couffo,54.9,29.2,Open-Meteo Archive / CHIRPS v2.0 (simulé seed=42)
2025-10-27,Zou,84.2,29.5,Open-Meteo Archive / CHIRPS v2.0 (simulé seed=42)
2025-10-27,Mono,77.6,28.9,Open-Meteo Archive / CHIRPS v2.0 (simulé seed=42)
2025-10-27,Collines,80.8,28.9,Open-Meteo Archive / CHIRPS v2.0 (simulé seed=42)
2025-10-27,Littoral,54.2,29.0,Open-Meteo Archive / CHIRPS v2.0 (simulé seed=42)
2025-10-27,Atacora,12.9,33.5,Open-Meteo Archive / CHIRPS v2.0 (simulé seed=42)
2025-10-27,Alibori,15.6,33.0,Open-Meteo Archive / CHIRPS v2.0 (simulé seed=42)
2025-10-27,Borgou,17.0,33.6,Open-Meteo Archive / CHIRPS v2.0 (simulé seed=42)
2025-11-03,Plateau,58.6,29.0,Open-Meteo Archive / CHIRPS v2.0 (simulé seed=42)
2025-11-03,Atlantique,61.7,29.2,Open-Meteo Archive / CHIRPS v2.0 (simulé seed=42)
2025-11-03,Donga,14.0,33.7,Open-Meteo Archive / CHIRPS v2.0 (simulé seed=42)
2025-11-03,Ouémé,56.7,29.3,Open-Meteo Archive / CHIRPS v2.0 (simulé seed=42)
2025-11-03,Couffo,48.8,29.0,Open-Meteo Archive / CHIRPS v2.0 (simulé seed=42)
2025-11-03,Zou,62.6,29.1,Open-Meteo Archive / CHIRPS v2.0 (simulé seed=42)
2025-11-03,Mono,64.8,29.1,Open-Meteo Archive / CHIRPS v2.0 (simulé seed=42)
2025-11-03,Collines,43.2,29.7,Open-Meteo Archive / CHIRPS v2.0 (simulé seed=42)
2025-11-03,Littoral,52.9,29.2,Open-Meteo Archive / CHIRPS v2.0 (simulé seed=42)
2025-11-03,Atacora,14.1,33.3,Open-Meteo Archive / CHIRPS v2.0 (simulé seed=42)
2025-11-03,Alibori,5.4,33.3,Open-Meteo Archive / CHIRPS v2.0 (simulé seed=42)
2025-11-03,Borgou,11.8,33.5,Open-Meteo Archive / CHIRPS v2.0 (simulé seed=42)
2025-11-10,Plateau,44.2,28.4,Open-Meteo Archive / CHIRPS v2.0 (simulé seed=42)
2025-11-10,Atlantique,41.4,29.2,Open-Meteo Archive / CHIRPS v2.0 (simulé seed=42)
2025-11-10,Donga,11.7,34.4,Open-Meteo Archive / CHIRPS v2.0 (simulé seed=42)
2025-11-10,Ouémé,37.5,28.4,Open-Meteo Archive / CHIRPS v2.0 (simulé seed=42)
2025-11-10,Couffo,29.0,29.1,Open-Meteo Archive / CHIRPS v2.0 (simulé seed=42)
2025-11-10,Zou,45.1,28.6,Open-Meteo Archive / CHIRPS v2.0 (simulé seed=42)
2025-11-10,Mono,29.0,29.3,Open-Meteo Archive / CHIRPS v2.0 (simulé seed=42)
2025-11-10,Collines,40.8,29.4,Open-Meteo Archive / CHIRPS v2.0 (simulé seed=42)
2025-11-10,Littoral,40.1,28.4,Open-Meteo Archive / CHIRPS v2.0 (simulé seed=42)
2025-11-10,Atacora,9.2,34.6,Open-Meteo Archive / CHIRPS v2.0 (simulé seed=42)
2025-11-10,Alibori,6.2,34.2,Open-Meteo Archive / CHIRPS v2.0 (simulé seed=42)
2025-11-10,Borgou,9.3,33.3,Open-Meteo Archive / CHIRPS v2.0 (simulé seed=42)
2025-11-17,Plateau,21.2,28.7,Open-Meteo Archive / CHIRPS v2.0 (simulé seed=42)
2025-11-17,Atlantique,20.8,29.8,Open-Meteo Archive / CHIRPS v2.0 (simulé seed=42)
2025-11-17,Donga,4.2,34.0,Open-Meteo Archive / CHIRPS v2.0 (simulé seed=42)
2025-11-17,Ouémé,19.5,29.3,Open-Meteo Archive / CHIRPS v2.0 (simulé seed=42)
2025-11-17,Couffo,26.5,29.1,Open-Meteo Archive / CHIRPS v2.0 (simulé seed=42)
2025-11-17,Zou,27.9,28.6,Open-Meteo Archive / CHIRPS v2.0 (simulé seed=42)
2025-11-17,Mono,24.1,28.9,Open-Meteo Archive / CHIRPS v2.0 (simulé seed=42)
2025-11-17,Collines,27.7,28.6,Open-Meteo Archive / CHIRPS v2.0 (simulé seed=42)
2025-11-17,Littoral,20.6,29.0,Open-Meteo Archive / CHIRPS v2.0 (simulé seed=42)
2025-11-17,Atacora,10.3,32.9,Open-Meteo Archive / CHIRPS v2.0 (simulé seed=42)
2025-11-17,Alibori,12.8,32.3,Open-Meteo Archive / CHIRPS v2.0 (simulé seed=42)
2025-11-17,Borgou,6.2,32.8,Open-Meteo Archive / CHIRPS v2.0 (simulé seed=42)
2025-11-24,Plateau,12.3,28.6,Open-Meteo Archive / CHIRPS v2.0 (simulé seed=42)
2025-11-24,Atlantique,12.5,29.4,Open-Meteo Archive / CHIRPS v2.0 (simulé seed=42)
2025-11-24,Donga,14.4,33.6,Open-Meteo Archive / CHIRPS v2.0 (simulé seed=42)
2025-11-24,Ouémé,13.3,29.2,Open-Meteo Archive / CHIRPS v2.0 (simulé seed=42)
2025-11-24,Couffo,15.0,28.1,Open-Meteo Archive / CHIRPS v2.0 (simulé seed=42)
2025-11-24,Zou,15.8,29.0,Open-Meteo Archive / CHIRPS v2.0 (simulé seed=42)
2025-11-24,Mono,13.8,29.0,Open-Meteo Archive / CHIRPS v2.0 (simulé seed=42)
2025-11-24,Collines,17.3,29.1,Open-Meteo Archive / CHIRPS v2.0 (simulé seed=42)
2025-11-24,Littoral,17.0,29.2,Open-Meteo Archive / CHIRPS v2.0 (simulé seed=42)
2025-11-24,Atacora,4.5,33.6,Open-Meteo Archive / CHIRPS v2.0 (simulé seed=42)
2025-11-24,Alibori,3.7,33.8,Open-Meteo Archive / CHIRPS v2.0 (simulé seed=42)
2025-11-24,Borgou,5.4,33.5,Open-Meteo Archive / CHIRPS v2.0 (simulé seed=42)
2025-12-01,Plateau,23.2,28.5,Open-Meteo Archive / CHIRPS v2.0 (simulé seed=42)
2025-12-01,Atlantique,9.7,28.7,Open-Meteo Archive / CHIRPS v2.0 (simulé seed=42)
2025-12-01,Donga,5.4,33.1,Open-Meteo Archive / CHIRPS v2.0 (simulé seed=42)
2025-12-01,Ouémé,18.4,29.3,Open-Meteo Archive / CHIRPS v2.0 (simulé seed=42)
2025-12-01,Couffo,23.0,28.7,Open-Meteo Archive / CHIRPS v2.0 (simulé seed=42)
2025-12-01,Zou,10.2,29.6,Open-Meteo Archive / CHIRPS v2.0 (simulé seed=42)
2025-12-01,Mono,17.6,29.3,Open-Meteo Archive / CHIRPS v2.0 (simulé seed=42)
2025-12-01,Collines,21.0,28.5,Open-Meteo Archive / CHIRPS v2.0 (simulé seed=42)
2025-12-01,Littoral,19.4,28.0,Open-Meteo Archive / CHIRPS v2.0 (simulé seed=42)
2025-12-01,Atacora,11.4,33.2,Open-Meteo Archive / CHIRPS v2.0 (simulé seed=42)
2025-12-01,Alibori,13.3,33.6,Open-Meteo Archive / CHIRPS v2.0 (simulé seed=42)
2025-12-01,Borgou,4.9,33.6,Open-Meteo Archive / CHIRPS v2.0 (simulé seed=42)
2025-12-08,Plateau,13.9,29.0,Open-Meteo Archive / CHIRPS v2.0 (simulé seed=42)
2025-12-08,Atlantique,18.3,29.4,Open-Meteo Archive / CHIRPS v2.0 (simulé seed=42)
2025-12-08,Donga,10.4,33.2,Open-Meteo Archive / CHIRPS v2.0 (simulé seed=42)
2025-12-08,Ouémé,10.0,29.3,Open-Meteo Archive / CHIRPS v2.0 (simulé seed=42)
2025-12-08,Couffo,23.2,28.4,Open-Meteo Archive / CHIRPS v2.0 (simulé seed=42)
2025-12-08,Zou,5.1,29.0,Open-Meteo Archive / CHIRPS v2.0 (simulé seed=42)
2025-12-08,Mono,6.2,28.7,Open-Meteo Archive / CHIRPS v2.0 (simulé seed=42)
2025-12-08,Collines,12.4,29.0,Open-Meteo Archive / CHIRPS v2.0 (simulé seed=42)
2025-12-08,Littoral,24.9,29.6,Open-Meteo Archive / CHIRPS v2.0 (simulé seed=42)
2025-12-08,Atacora,14.2,34.0,Open-Meteo Archive / CHIRPS v2.0 (simulé seed=42)
2025-12-08,Alibori,6.8,32.1,Open-Meteo Archive / CHIRPS v2.0 (simulé seed=42)
2025-12-08,Borgou,5.3,33.6,Open-Meteo Archive / CHIRPS v2.0 (simulé seed=42)
2025-12-15,Plateau,22.6,29.1,Open-Meteo Archive / CHIRPS v2.0 (simulé seed=42)
2025-12-15,Atlantique,21.3,28.6,Open-Meteo Archive / CHIRPS v2.0 (simulé seed=42)
2025-12-15,Donga,5.9,34.2,Open-Meteo Archive / CHIRPS v2.0 (simulé seed=42)
2025-12-15,Ouémé,12.5,28.8,Open-Meteo Archive / CHIRPS v2.0 (simulé seed=42)
2025-12-15,Couffo,24.8,29.6,Open-Meteo Archive / CHIRPS v2.0 (simulé seed=42)
2025-12-15,Zou,24.1,29.2,Open-Meteo Archive / CHIRPS v2.0 (simulé seed=42)
2025-12-15,Mono,18.8,29.0,Open-Meteo Archive / CHIRPS v2.0 (simulé seed=42)
2025-12-15,Collines,13.1,29.1,Open-Meteo Archive / CHIRPS v2.0 (simulé seed=42)
2025-12-15,Littoral,13.3,29.1,Open-Meteo Archive / CHIRPS v2.0 (simulé seed=42)
2025-12-15,Atacora,9.0,33.1,Open-Meteo Archive / CHIRPS v2.0 (simulé seed=42)
2025-12-15,Alibori,4.3,33.8,Open-Meteo Archive / CHIRPS v2.0 (simulé seed=42)
2025-12-15,Borgou,9.1,33.0,Open-Meteo Archive / CHIRPS v2.0 (simulé seed=42)
2025-12-22,Plateau,21.1,29.3,Open-Meteo Archive / CHIRPS v2.0 (simulé seed=42)
2025-12-22,Atlantique,18.9,29.1,Open-Meteo Archive / CHIRPS v2.0 (simulé seed=42)
2025-12-22,Donga,7.2,33.5,Open-Meteo Archive / CHIRPS v2.0 (simulé seed=42)
2025-12-22,Ouémé,22.1,29.0,Open-Meteo Archive / CHIRPS v2.0 (simulé seed=42)
2025-12-22,Couffo,17.3,28.6,Open-Meteo Archive / CHIRPS v2.0 (simulé seed=42)
2025-12-22,Zou,17.1,28.1,Open-Meteo Archive / CHIRPS v2.0 (simulé seed=42)
2025-12-22,Mono,16.2,28.8,Open-Meteo Archive / CHIRPS v2.0 (simulé seed=42)
2025-12-22,Collines,22.5,29.0,Open-Meteo Archive / CHIRPS v2.0 (simulé seed=42)
2025-12-22,Littoral,18.3,29.2,Open-Meteo Archive / CHIRPS v2.0 (simulé seed=42)
2025-12-22,Atacora,11.3,33.7,Open-Meteo Archive / CHIRPS v2.0 (simulé seed=42)
2025-12-22,Alibori,4.2,33.8,Open-Meteo Archive / CHIRPS v2.0 (simulé seed=42)
2025-12-22,Borgou,8.2,34.2,Open-Meteo Archive / CHIRPS v2.0 (simulé seed=42)
2025-12-29,Plateau,19.5,29.0,Open-Meteo Archive / CHIRPS v2.0 (simulé seed=42)
2025-12-29,Atlantique,18.9,28.7,Open-Meteo Archive / CHIRPS v2.0 (simulé seed=42)
2025-12-29,Donga,2.5,33.7,Open-Meteo Archive / CHIRPS v2.0 (simulé seed=42)
2025-12-29,Ouémé,5.3,29.3,Open-Meteo Archive / CHIRPS v2.0 (simulé seed=42)
2025-12-29,Couffo,16.2,28.9,Open-Meteo Archive / CHIRPS v2.0 (simulé seed=42)
2025-12-29,Zou,23.2,29.4,Open-Meteo Archive / CHIRPS v2.0 (simulé seed=42)
2025-12-29,Mono,19.4,28.8,Open-Meteo Archive / CHIRPS v2.0 (simulé seed=42)
2025-12-29,Collines,12.0,29.1,Open-Meteo Archive / CHIRPS v2.0 (simulé seed=42)
2025-12-29,Littoral,24.4,28.5,Open-Meteo Archive / CHIRPS v2.0 (simulé seed=42)
2025-12-29,Atacora,10.0,32.9,Open-Meteo Archive / CHIRPS v2.0 (simulé seed=42)
2025-12-29,Alibori,10.3,34.4,Open-Meteo Archive / CHIRPS v2.0 (simulé seed=42)
2025-12-29,Borgou,11.9,33.9,Open-Meteo Archive / CHIRPS v2.0 (simulé seed=42)
2026-01-05,Plateau,7.1,29.1,Open-Meteo Archive / CHIRPS v2.0 (simulé seed=42)
2026-01-05,Atlantique,19.7,29.0,Open-Meteo Archive / CHIRPS v2.0 (simulé seed=42)
2026-01-05,Donga,5.6,33.0,Open-Meteo Archive / CHIRPS v2.0 (simulé seed=42)
2026-01-05,Ouémé,6.4,28.2,Open-Meteo Archive / CHIRPS v2.0 (simulé seed=42)
2026-01-05,Couffo,22.6,29.3,Open-Meteo Archive / CHIRPS v2.0 (simulé seed=42)
2026-01-05,Zou,20.6,29.1,Open-Meteo Archive / CHIRPS v2.0 (simulé seed=42)
2026-01-05,Mono,23.3,29.5,Open-Meteo Archive / CHIRPS v2.0 (simulé seed=42)
2026-01-05,Collines,6.1,29.5,Open-Meteo Archive / CHIRPS v2.0 (simulé seed=42)
2026-01-05,Littoral,10.3,29.2,Open-Meteo Archive / CHIRPS v2.0 (simulé seed=42)
2026-01-05,Atacora,4.8,33.4,Open-Meteo Archive / CHIRPS v2.0 (simulé seed=42)
2026-01-05,Alibori,5.3,34.1,Open-Meteo Archive / CHIRPS v2.0 (simulé seed=42)
2026-01-05,Borgou,9.3,34.0,Open-Meteo Archive / CHIRPS v2.0 (simulé seed=42)
2026-01-12,Plateau,8.6,28.8,Open-Meteo Archive / CHIRPS v2.0 (simulé seed=42)
2026-01-12,Atlantique,12.5,29.2,Open-Meteo Archive / CHIRPS v2.0 (simulé seed=42)
2026-01-12,Donga,13.8,33.5,Open-Meteo Archive / CHIRPS v2.0 (simulé seed=42)
2026-01-12,Ouémé,20.3,29.4,Open-Meteo Archive / CHIRPS v2.0 (simulé seed=42)
2026-01-12,Couffo,23.6,29.0,Open-Meteo Archive / CHIRPS v2.0 (simulé seed=42)
2026-01-12,Zou,18.4,28.8,Open-Meteo Archive / CHIRPS v2.0 (simulé seed=42)
2026-01-12,Mono,13.6,29.3,Open-Meteo Archive / CHIRPS v2.0 (simulé seed=42)
2026-01-12,Collines,14.6,28.8,Open-Meteo Archive / CHIRPS v2.0 (simulé seed=42)
2026-01-12,Littoral,17.9,29.1,Open-Meteo Archive / CHIRPS v2.0 (simulé seed=42)
2026-01-12,Atacora,4.9,33.5,Open-Meteo Archive / CHIRPS v2.0 (simulé seed=42)
2026-01-12,Alibori,12.9,33.1,Open-Meteo Archive / CHIRPS v2.0 (simulé seed=42)
2026-01-12,Borgou,13.4,33.4,Open-Meteo Archive / CHIRPS v2.0 (simulé seed=42)
2026-01-19,Plateau,13.7,29.1,Open-Meteo Archive / CHIRPS v2.0 (simulé seed=42)
2026-01-19,Atlantique,14.3,29.6,Open-Meteo Archive / CHIRPS v2.0 (simulé seed=42)
2026-01-19,Donga,11.1,33.1,Open-Meteo Archive / CHIRPS v2.0 (simulé seed=42)
2026-01-19,Ouémé,18.9,29.5,Open-Meteo Archive / CHIRPS v2.0 (simulé seed=42)
2026-01-19,Couffo,10.9,28.5,Open-Meteo Archive / CHIRPS v2.0 (simulé seed=42)
2026-01-19,Zou,9.6,29.8,Open-Meteo Archive / CHIRPS v2.0 (simulé seed=42)
2026-01-19,Mono,13.7,29.5,Open-Meteo Archive / CHIRPS v2.0 (simulé seed=42)
2026-01-19,Collines,11.1,29.0,Open-Meteo Archive / CHIRPS v2.0 (simulé seed=42)
2026-01-19,Littoral,19.9,28.6,Open-Meteo Archive / CHIRPS v2.0 (simulé seed=42)
2026-01-19,Atacora,8.0,33.7,Open-Meteo Archive / CHIRPS v2.0 (simulé seed=42)
2026-01-19,Alibori,8.6,33.1,Open-Meteo Archive / CHIRPS v2.0 (simulé seed=42)
2026-01-19,Borgou,5.0,33.2,Open-Meteo Archive / CHIRPS v2.0 (simulé seed=42)
2026-01-26,Plateau,14.7,29.1,Open-Meteo Archive / CHIRPS v2.0 (simulé seed=42)
2026-01-26,Atlantique,17.8,30.1,Open-Meteo Archive / CHIRPS v2.0 (simulé seed=42)
2026-01-26,Donga,11.4,34.4,Open-Meteo Archive / CHIRPS v2.0 (simulé seed=42)
2026-01-26,Ouémé,8.6,29.2,Open-Meteo Archive / CHIRPS v2.0 (simulé seed=42)
2026-01-26,Couffo,11.1,29.6,Open-Meteo Archive / CHIRPS v2.0 (simulé seed=42)
2026-01-26,Zou,8.5,29.1,Open-Meteo Archive / CHIRPS v2.0 (simulé seed=42)
2026-01-26,Mono,11.0,28.7,Open-Meteo Archive / CHIRPS v2.0 (simulé seed=42)
2026-01-26,Collines,9.4,29.2,Open-Meteo Archive / CHIRPS v2.0 (simulé seed=42)
2026-01-26,Littoral,9.4,29.0,Open-Meteo Archive / CHIRPS v2.0 (simulé seed=42)
2026-01-26,Atacora,4.5,33.1,Open-Meteo Archive / CHIRPS v2.0 (simulé seed=42)
2026-01-26,Alibori,7.9,33.2,Open-Meteo Archive / CHIRPS v2.0 (simulé seed=42)
2026-01-26,Borgou,11.9,32.8,Open-Meteo Archive / CHIRPS v2.0 (simulé seed=42)
2026-02-02,Plateau,17.1,29.3,Open-Meteo Archive / CHIRPS v2.0 (simulé seed=42)
2026-02-02,Atlantique,6.2,28.3,Open-Meteo Archive / CHIRPS v2.0 (simulé seed=42)
2026-02-02,Donga,12.1,33.8,Open-Meteo Archive / CHIRPS v2.0 (simulé seed=42)
2026-02-02,Ouémé,10.3,28.8,Open-Meteo Archive / CHIRPS v2.0 (simulé seed=42)
2026-02-02,Couffo,13.3,28.5,Open-Meteo Archive / CHIRPS v2.0 (simulé seed=42)
2026-02-02,Zou,6.6,28.9,Open-Meteo Archive / CHIRPS v2.0 (simulé seed=42)
2026-02-02,Mono,17.4,29.0,Open-Meteo Archive / CHIRPS v2.0 (simulé seed=42)
2026-02-02,Collines,24.7,29.2,Open-Meteo Archive / CHIRPS v2.0 (simulé seed=42)
2026-02-02,Littoral,22.0,29.5,Open-Meteo Archive / CHIRPS v2.0 (simulé seed=42)
2026-02-02,Atacora,8.9,33.5,Open-Meteo Archive / CHIRPS v2.0 (simulé seed=42)
2026-02-02,Alibori,12.6,33.2,Open-Meteo Archive / CHIRPS v2.0 (simulé seed=42)
2026-02-02,Borgou,13.9,33.3,Open-Meteo Archive / CHIRPS v2.0 (simulé seed=42)
2026-02-09,Plateau,12.1,29.5,Open-Meteo Archive / CHIRPS v2.0 (simulé seed=42)
2026-02-09,Atlantique,14.8,28.9,Open-Meteo Archive / CHIRPS v2.0 (simulé seed=42)
2026-02-09,Donga,3.7,32.9,Open-Meteo Archive / CHIRPS v2.0 (simulé seed=42)
2026-02-09,Ouémé,12.8,28.7,Open-Meteo Archive / CHIRPS v2.0 (simulé seed=42)
2026-02-09,Couffo,19.9,28.4,Open-Meteo Archive / CHIRPS v2.0 (simulé seed=42)
2026-02-09,Zou,12.7,29.2,Open-Meteo Archive / CHIRPS v2.0 (simulé seed=42)
2026-02-09,Mono,13.8,28.9,Open-Meteo Archive / CHIRPS v2.0 (simulé seed=42)
2026-02-09,Collines,16.4,28.5,Open-Meteo Archive / CHIRPS v2.0 (simulé seed=42)
2026-02-09,Littoral,24.1,28.9,Open-Meteo Archive / CHIRPS v2.0 (simulé seed=42)
2026-02-09,Atacora,11.7,34.4,Open-Meteo Archive / CHIRPS v2.0 (simulé seed=42)
2026-02-09,Alibori,3.8,33.8,Open-Meteo Archive / CHIRPS v2.0 (simulé seed=42)
2026-02-09,Borgou,8.2,33.3,Open-Meteo Archive / CHIRPS v2.0 (simulé seed=42)
2026-02-16,Plateau,18.3,29.6,Open-Meteo Archive / CHIRPS v2.0 (simulé seed=42)
2026-02-16,Atlantique,6.6,29.8,Open-Meteo Archive / CHIRPS v2.0 (simulé seed=42)
2026-02-16,Donga,13.6,33.5,Open-Meteo Archive / CHIRPS v2.0 (simulé seed=42)
2026-02-16,Ouémé,21.3,29.1,Open-Meteo Archive / CHIRPS v2.0 (simulé seed=42)
2026-02-16,Couffo,20.8,29.5,Open-Meteo Archive / CHIRPS v2.0 (simulé seed=42)
2026-02-16,Zou,18.0,29.1,Open-Meteo Archive / CHIRPS v2.0 (simulé seed=42)
2026-02-16,Mono,15.7,28.8,Open-Meteo Archive / CHIRPS v2.0 (simulé seed=42)
2026-02-16,Collines,13.1,29.0,Open-Meteo Archive / CHIRPS v2.0 (simulé seed=42)
2026-02-16,Littoral,19.7,28.8,Open-Meteo Archive / CHIRPS v2.0 (simulé seed=42)
2026-02-16,Atacora,8.8,33.8,Open-Meteo Archive / CHIRPS v2.0 (simulé seed=42)
2026-02-16,Alibori,5.3,33.3,Open-Meteo Archive / CHIRPS v2.0 (simulé seed=42)
2026-02-16,Borgou,9.0,32.8,Open-Meteo Archive / CHIRPS v2.0 (simulé seed=42)
2026-02-23,Plateau,22.1,29.2,Open-Meteo Archive / CHIRPS v2.0 (simulé seed=42)
2026-02-23,Atlantique,18.0,29.2,Open-Meteo Archive / CHIRPS v2.0 (simulé seed=42)
2026-02-23,Donga,2.8,33.8,Open-Meteo Archive / CHIRPS v2.0 (simulé seed=42)
2026-02-23,Ouémé,12.0,28.4,Open-Meteo Archive / CHIRPS v2.0 (simulé seed=42)
2026-02-23,Couffo,6.2,28.7,Open-Meteo Archive / CHIRPS v2.0 (simulé seed=42)
2026-02-23,Zou,11.6,28.9,Open-Meteo Archive / CHIRPS v2.0 (simulé seed=42)
2026-02-23,Mono,19.7,29.6,Open-Meteo Archive / CHIRPS v2.0 (simulé seed=42)
2026-02-23,Collines,19.3,28.9,Open-Meteo Archive / CHIRPS v2.0 (simulé seed=42)
2026-02-23,Littoral,15.6,29.4,Open-Meteo Archive / CHIRPS v2.0 (simulé seed=42)
2026-02-23,Atacora,5.7,33.5,Open-Meteo Archive / CHIRPS v2.0 (simulé seed=42)
2026-02-23,Alibori,7.9,33.1,Open-Meteo Archive / CHIRPS v2.0 (simulé seed=42)
2026-02-23,Borgou,10.9,33.8,Open-Meteo Archive / CHIRPS v2.0 (simulé seed=42)
2026-03-02,Plateau,9.1,28.2,Open-Meteo Archive / CHIRPS v2.0 (simulé seed=42)
2026-03-02,Atlantique,13.9,29.0,Open-Meteo Archive / CHIRPS v2.0 (simulé seed=42)
2026-03-02,Donga,8.2,32.9,Open-Meteo Archive / CHIRPS v2.0 (simulé seed=42)
2026-03-02,Ouémé,18.3,28.2,Open-Meteo Archive / CHIRPS v2.0 (simulé seed=42)
2026-03-02,Couffo,18.1,29.1,Open-Meteo Archive / CHIRPS v2.0 (simulé seed=42)
2026-03-02,Zou,12.9,28.8,Open-Meteo Archive / CHIRPS v2.0 (simulé seed=42)
2026-03-02,Mono,7.6,28.4,Open-Meteo Archive / CHIRPS v2.0 (simulé seed=42)
2026-03-02,Collines,5.8,29.2,Open-Meteo Archive / CHIRPS v2.0 (simulé seed=42)
2026-03-02,Littoral,21.7,29.3,Open-Meteo Archive / CHIRPS v2.0 (simulé seed=42)
2026-03-02,Atacora,6.0,33.5,Open-Meteo Archive / CHIRPS v2.0 (simulé seed=42)
2026-03-02,Alibori,12.7,33.2,Open-Meteo Archive / CHIRPS v2.0 (simulé seed=42)
2026-03-02,Borgou,7.3,33.9,Open-Meteo Archive / CHIRPS v2.0 (simulé seed=42)
2026-03-09,Plateau,7.4,28.8,Open-Meteo Archive / CHIRPS v2.0 (simulé seed=42)
2026-03-09,Atlantique,16.7,28.9,Open-Meteo Archive / CHIRPS v2.0 (simulé seed=42)
2026-03-09,Donga,14.4,32.7,Open-Meteo Archive / CHIRPS v2.0 (simulé seed=42)
2026-03-09,Ouémé,24.8,29.3,Open-Meteo Archive / CHIRPS v2.0 (simulé seed=42)
2026-03-09,Couffo,20.6,29.6,Open-Meteo Archive / CHIRPS v2.0 (simulé seed=42)
2026-03-09,Zou,18.4,28.7,Open-Meteo Archive / CHIRPS v2.0 (simulé seed=42)
2026-03-09,Mono,21.2,28.6,Open-Meteo Archive / CHIRPS v2.0 (simulé seed=42)
2026-03-09,Collines,23.2,28.8,Open-Meteo Archive / CHIRPS v2.0 (simulé seed=42)
2026-03-09,Littoral,20.2,29.1,Open-Meteo Archive / CHIRPS v2.0 (simulé seed=42)
2026-03-09,Atacora,5.0,32.8,Open-Meteo Archive / CHIRPS v2.0 (simulé seed=42)
2026-03-09,Alibori,5.3,33.0,Open-Meteo Archive / CHIRPS v2.0 (simulé seed=42)
2026-03-09,Borgou,11.0,33.3,Open-Meteo Archive / CHIRPS v2.0 (simulé seed=42)
2026-03-16,Plateau,5.6,29.2,Open-Meteo Archive / CHIRPS v2.0 (simulé seed=42)
2026-03-16,Atlantique,19.3,28.9,Open-Meteo Archive / CHIRPS v2.0 (simulé seed=42)
2026-03-16,Donga,4.8,33.6,Open-Meteo Archive / CHIRPS v2.0 (simulé seed=42)
2026-03-16,Ouémé,16.3,28.7,Open-Meteo Archive / CHIRPS v2.0 (simulé seed=42)
2026-03-16,Couffo,20.0,28.5,Open-Meteo Archive / CHIRPS v2.0 (simulé seed=42)
2026-03-16,Zou,8.9,29.0,Open-Meteo Archive / CHIRPS v2.0 (simulé seed=42)
2026-03-16,Mono,7.9,29.2,Open-Meteo Archive / CHIRPS v2.0 (simulé seed=42)
2026-03-16,Collines,15.0,29.3,Open-Meteo Archive / CHIRPS v2.0 (simulé seed=42)
2026-03-16,Littoral,14.7,28.6,Open-Meteo Archive / CHIRPS v2.0 (simulé seed=42)
2026-03-16,Atacora,11.8,34.3,Open-Meteo Archive / CHIRPS v2.0 (simulé seed=42)
2026-03-16,Alibori,4.3,33.7,Open-Meteo Archive / CHIRPS v2.0 (simulé seed=42)
2026-03-16,Borgou,4.7,33.5,Open-Meteo Archive / CHIRPS v2.0 (simulé seed=42)
2026-03-23,Plateau,10.1,29.4,Open-Meteo Archive / CHIRPS v2.0 (simulé seed=42)
2026-03-23,Atlantique,16.6,28.6,Open-Meteo Archive / CHIRPS v2.0 (simulé seed=42)
2026-03-23,Donga,13.6,33.6,Open-Meteo Archive / CHIRPS v2.0 (simulé seed=42)
2026-03-23,Ouémé,23.8,28.6,Open-Meteo Archive / CHIRPS v2.0 (simulé seed=42)
2026-03-23,Couffo,11.7,29.3,Open-Meteo Archive / CHIRPS v2.0 (simulé seed=42)
2026-03-23,Zou,21.6,28.8,Open-Meteo Archive / CHIRPS v2.0 (simulé seed=42)
2026-03-23,Mono,20.6,29.0,Open-Meteo Archive / CHIRPS v2.0 (simulé seed=42)
2026-03-23,Collines,10.1,29.2,Open-Meteo Archive / CHIRPS v2.0 (simulé seed=42)
2026-03-23,Littoral,5.9,28.8,Open-Meteo Archive / CHIRPS v2.0 (simulé seed=42)
2026-03-23,Atacora,7.4,32.7,Open-Meteo Archive / CHIRPS v2.0 (simulé seed=42)
2026-03-23,Alibori,3.1,33.1,Open-Meteo Archive / CHIRPS v2.0 (simulé seed=42)
2026-03-23,Borgou,13.4,33.9,Open-Meteo Archive / CHIRPS v2.0 (simulé seed=42)
2026-03-30,Plateau,4.1,29.1,Open-Meteo Archive / CHIRPS v2.0 (simulé seed=42)
2026-03-30,Atlantique,3.8,28.3,Open-Meteo Archive / CHIRPS v2.0 (simulé seed=42)
2026-03-30,Donga,12.5,33.1,Open-Meteo Archive / CHIRPS v2.0 (simulé seed=42)
2026-03-30,Ouémé,4.7,29.9,Open-Meteo Archive / CHIRPS v2.0 (simulé seed=42)
2026-03-30,Couffo,4.1,29.0,Open-Meteo Archive / CHIRPS v2.0 (simulé seed=42)
2026-03-30,Zou,3.4,29.0,Open-Meteo Archive / CHIRPS v2.0 (simulé seed=42)
2026-03-30,Mono,4.2,28.8,Open-Meteo Archive / CHIRPS v2.0 (simulé seed=42)
2026-03-30,Collines,4.9,28.8,Open-Meteo Archive / CHIRPS v2.0 (simulé seed=42)
2026-03-30,Littoral,4.6,29.4,Open-Meteo Archive / CHIRPS v2.0 (simulé seed=42)
2026-03-30,Atacora,14.7,34.2,Open-Meteo Archive / CHIRPS v2.0 (simulé seed=42)
2026-03-30,Alibori,9.5,33.9,Open-Meteo Archive / CHIRPS v2.0 (simulé seed=42)
2026-03-30,Borgou,12.0,33.5,Open-Meteo Archive / CHIRPS v2.0 (simulé seed=42)
2026-04-06,Plateau,6.0,29.0,Open-Meteo Archive / CHIRPS v2.0 (simulé seed=42)
2026-04-06,Atlantique,6.0,28.7,Open-Meteo Archive / CHIRPS v2.0 (simulé seed=42)
2026-04-06,Donga,5.5,34.1,Open-Meteo Archive / CHIRPS v2.0 (simulé seed=42)
2026-04-06,Ouémé,5.9,29.1,Open-Meteo Archive / CHIRPS v2.0 (simulé seed=42)
2026-04-06,Couffo,9.6,28.4,Open-Meteo Archive / CHIRPS v2.0 (simulé seed=42)
2026-04-06,Zou,6.1,27.4,Open-Meteo Archive / CHIRPS v2.0 (simulé seed=42)
2026-04-06,Mono,9.1,29.0,Open-Meteo Archive / CHIRPS v2.0 (simulé seed=42)
2026-04-06,Collines,9.2,28.3,Open-Meteo Archive / CHIRPS v2.0 (simulé seed=42)
2026-04-06,Littoral,9.2,29.0,Open-Meteo Archive / CHIRPS v2.0 (simulé seed=42)
2026-04-06,Atacora,8.5,33.6,Open-Meteo Archive / CHIRPS v2.0 (simulé seed=42)
2026-04-06,Alibori,7.6,33.6,Open-Meteo Archive / CHIRPS v2.0 (simulé seed=42)
2026-04-06,Borgou,6.0,32.2,Open-Meteo Archive / CHIRPS v2.0 (simulé seed=42)
2026-04-13,Plateau,13.1,28.1,Open-Meteo Archive / CHIRPS v2.0 (simulé seed=42)
2026-04-13,Atlantique,11.6,28.8,Open-Meteo Archive / CHIRPS v2.0 (simulé seed=42)
2026-04-13,Donga,13.3,33.4,Open-Meteo Archive / CHIRPS v2.0 (simulé seed=42)
2026-04-13,Ouémé,14.6,29.6,Open-Meteo Archive / CHIRPS v2.0 (simulé seed=42)
2026-04-13,Couffo,12.2,28.7,Open-Meteo Archive / CHIRPS v2.0 (simulé seed=42)
2026-04-13,Zou,12.5,28.5,Open-Meteo Archive / CHIRPS v2.0 (simulé seed=42)
2026-04-13,Mono,11.9,28.6,Open-Meteo Archive / CHIRPS v2.0 (simulé seed=42)
2026-04-13,Collines,14.4,28.7,Open-Meteo Archive / CHIRPS v2.0 (simulé seed=42)
2026-04-13,Littoral,11.2,29.4,Open-Meteo Archive / CHIRPS v2.0 (simulé seed=42)
2026-04-13,Atacora,5.7,33.2,Open-Meteo Archive / CHIRPS v2.0 (simulé seed=42)
2026-04-13,Alibori,14.2,33.3,Open-Meteo Archive / CHIRPS v2.0 (simulé seed=42)
2026-04-13,Borgou,5.8,33.2,Open-Meteo Archive / CHIRPS v2.0 (simulé seed=42)
2026-04-20,Plateau,18.6,29.0,Open-Meteo Archive / CHIRPS v2.0 (simulé seed=42)
2026-04-20,Atlantique,25.4,28.6,Open-Meteo Archive / CHIRPS v2.0 (simulé seed=42)
2026-04-20,Donga,9.0,34.0,Open-Meteo Archive / CHIRPS v2.0 (simulé seed=42)
2026-04-20,Ouémé,24.8,29.0,Open-Meteo Archive / CHIRPS v2.0 (simulé seed=42)
2026-04-20,Couffo,26.5,28.4,Open-Meteo Archive / CHIRPS v2.0 (simulé seed=42)
2026-04-20,Zou,18.2,27.9,Open-Meteo Archive / CHIRPS v2.0 (simulé seed=42)
2026-04-20,Mono,21.4,28.9,Open-Meteo Archive / CHIRPS v2.0 (simulé seed=42)
2026-04-20,Collines,27.2,28.3,Open-Meteo Archive / CHIRPS v2.0 (simulé seed=42)
2026-04-20,Littoral,26.0,27.8,Open-Meteo Archive / CHIRPS v2.0 (simulé seed=42)
2026-04-20,Atacora,4.3,33.1,Open-Meteo Archive / CHIRPS v2.0 (simulé seed=42)
2026-04-20,Alibori,12.4,33.1,Open-Meteo Archive / CHIRPS v2.0 (simulé seed=42)
2026-04-20,Borgou,12.9,33.5,Open-Meteo Archive / CHIRPS v2.0 (simulé seed=42)
2026-04-27,Plateau,36.4,28.2,Open-Meteo Archive / CHIRPS v2.0 (simulé seed=42)
2026-04-27,Atlantique,29.4,28.2,Open-Meteo Archive / CHIRPS v2.0 (simulé seed=42)
2026-04-27,Donga,1.8,33.7,Open-Meteo Archive / CHIRPS v2.0 (simulé seed=42)
2026-04-27,Ouémé,32.4,28.1,Open-Meteo Archive / CHIRPS v2.0 (simulé seed=42)
2026-04-27,Couffo,31.5,28.6,Open-Meteo Archive / CHIRPS v2.0 (simulé seed=42)
2026-04-27,Zou,41.2,29.2,Open-Meteo Archive / CHIRPS v2.0 (simulé seed=42)
2026-04-27,Mono,43.5,28.4,Open-Meteo Archive / CHIRPS v2.0 (simulé seed=42)
2026-04-27,Collines,45.6,28.9,Open-Meteo Archive / CHIRPS v2.0 (simulé seed=42)
2026-04-27,Littoral,39.5,28.6,Open-Meteo Archive / CHIRPS v2.0 (simulé seed=42)
2026-04-27,Atacora,2.0,33.4,Open-Meteo Archive / CHIRPS v2.0 (simulé seed=42)
2026-04-27,Alibori,2.4,33.3,Open-Meteo Archive / CHIRPS v2.0 (simulé seed=42)
2026-04-27,Borgou,1.9,34.5,Open-Meteo Archive / CHIRPS v2.0 (simulé seed=42)
2026-05-04,Plateau,62.1,28.8,Open-Meteo Archive / CHIRPS v2.0 (simulé seed=42)
2026-05-04,Atlantique,49.1,28.3,Open-Meteo Archive / CHIRPS v2.0 (simulé seed=42)
2026-05-04,Donga,4.3,32.3,Open-Meteo Archive / CHIRPS v2.0 (simulé seed=42)
2026-05-04,Ouémé,45.0,27.8,Open-Meteo Archive / CHIRPS v2.0 (simulé seed=42)
2026-05-04,Couffo,65.1,27.7,Open-Meteo Archive / CHIRPS v2.0 (simulé seed=42)
2026-05-04,Zou,49.5,29.0,Open-Meteo Archive / CHIRPS v2.0 (simulé seed=42)
2026-05-04,Mono,44.4,27.8,Open-Meteo Archive / CHIRPS v2.0 (simulé seed=42)
2026-05-04,Collines,41.6,28.2,Open-Meteo Archive / CHIRPS v2.0 (simulé seed=42)
2026-05-04,Littoral,55.7,28.4,Open-Meteo Archive / CHIRPS v2.0 (simulé seed=42)
2026-05-04,Atacora,3.7,34.3,Open-Meteo Archive / CHIRPS v2.0 (simulé seed=42)
2026-05-04,Alibori,3.7,34.1,Open-Meteo Archive / CHIRPS v2.0 (simulé seed=42)
2026-05-04,Borgou,4.3,34.0,Open-Meteo Archive / CHIRPS v2.0 (simulé seed=42)
2026-05-11,Plateau,66.8,28.1,Open-Meteo Archive / CHIRPS v2.0 (simulé seed=42)
2026-05-11,Atlantique,54.6,27.3,Open-Meteo Archive / CHIRPS v2.0 (simulé seed=42)
2026-05-11,Donga,6.7,34.1,Open-Meteo Archive / CHIRPS v2.0 (simulé seed=42)
2026-05-11,Ouémé,55.3,27.9,Open-Meteo Archive / CHIRPS v2.0 (simulé seed=42)
2026-05-11,Couffo,87.1,27.7,Open-Meteo Archive / CHIRPS v2.0 (simulé seed=42)
2026-05-11,Zou,67.0,28.2,Open-Meteo Archive / CHIRPS v2.0 (simulé seed=42)
2026-05-11,Mono,73.6,27.8,Open-Meteo Archive / CHIRPS v2.0 (simulé seed=42)
2026-05-11,Collines,73.9,27.8,Open-Meteo Archive / CHIRPS v2.0 (simulé seed=42)
2026-05-11,Littoral,65.3,27.7,Open-Meteo Archive / CHIRPS v2.0 (simulé seed=42)
2026-05-11,Atacora,6.5,34.1,Open-Meteo Archive / CHIRPS v2.0 (simulé seed=42)
2026-05-11,Alibori,5.0,33.5,Open-Meteo Archive / CHIRPS v2.0 (simulé seed=42)
2026-05-11,Borgou,6.2,34.3,Open-Meteo Archive / CHIRPS v2.0 (simulé seed=42)
2026-05-18,Plateau,93.5,27.5,Open-Meteo Archive / CHIRPS v2.0 (simulé seed=42)
2026-05-18,Atlantique,80.8,27.6,Open-Meteo Archive / CHIRPS v2.0 (simulé seed=42)
2026-05-18,Donga,9.3,33.4,Open-Meteo Archive / CHIRPS v2.0 (simulé seed=42)
2026-05-18,Ouémé,79.2,27.5,Open-Meteo Archive / CHIRPS v2.0 (simulé seed=42)
2026-05-18,Couffo,93.0,28.0,Open-Meteo Archive / CHIRPS v2.0 (simulé seed=42)
2026-05-18,Zou,100.4,27.6,Open-Meteo Archive / CHIRPS v2.0 (simulé seed=42)
2026-05-18,Mono,82.0,28.0,Open-Meteo Archive / CHIRPS v2.0 (simulé seed=42)
2026-05-18,Collines,79.3,27.2,Open-Meteo Archive / CHIRPS v2.0 (simulé seed=42)
2026-05-18,Littoral,93.1,27.1,Open-Meteo Archive / CHIRPS v2.0 (simulé seed=42)
2026-05-18,Atacora,8.8,34.1,Open-Meteo Archive / CHIRPS v2.0 (simulé seed=42)
2026-05-18,Alibori,9.7,32.4,Open-Meteo Archive / CHIRPS v2.0 (simulé seed=42)
2026-05-18,Borgou,7.8,33.4,Open-Meteo Archive / CHIRPS v2.0 (simulé seed=42)
2026-05-25,Plateau,88.3,26.9,Open-Meteo Archive / CHIRPS v2.0 (simulé seed=42)
2026-05-25,Atlantique,85.9,27.1,Open-Meteo Archive / CHIRPS v2.0 (simulé seed=42)
2026-05-25,Donga,14.0,33.3,Open-Meteo Archive / CHIRPS v2.0 (simulé seed=42)
2026-05-25,Ouémé,106.2,26.6,Open-Meteo Archive / CHIRPS v2.0 (simulé seed=42)
2026-05-25,Couffo,111.8,26.0,Open-Meteo Archive / CHIRPS v2.0 (simulé seed=42)
2026-05-25,Zou,72.2,27.0,Open-Meteo Archive / CHIRPS v2.0 (simulé seed=42)
2026-05-25,Mono,100.5,27.0,Open-Meteo Archive / CHIRPS v2.0 (simulé seed=42)
2026-05-25,Collines,117.5,26.6,Open-Meteo Archive / CHIRPS v2.0 (simulé seed=42)
2026-05-25,Littoral,96.7,27.3,Open-Meteo Archive / CHIRPS v2.0 (simulé seed=42)
2026-05-25,Atacora,13.9,33.7,Open-Meteo Archive / CHIRPS v2.0 (simulé seed=42)
2026-05-25,Alibori,13.0,34.1,Open-Meteo Archive / CHIRPS v2.0 (simulé seed=42)
2026-05-25,Borgou,15.0,33.6,Open-Meteo Archive / CHIRPS v2.0 (simulé seed=42)
2026-06-01,Plateau,89.7,27.1,Open-Meteo Archive / CHIRPS v2.0 (simulé seed=42)
2026-06-01,Atlantique,124.1,26.7,Open-Meteo Archive / CHIRPS v2.0 (simulé seed=42)
2026-06-01,Donga,20.6,33.3,Open-Meteo Archive / CHIRPS v2.0 (simulé seed=42)
2026-06-01,Ouémé,112.1,26.1,Open-Meteo Archive / CHIRPS v2.0 (simulé seed=42)
2026-06-01,Couffo,120.5,27.5,Open-Meteo Archive / CHIRPS v2.0 (simulé seed=42)
2026-06-01,Zou,119.2,26.7,Open-Meteo Archive / CHIRPS v2.0 (simulé seed=42)
2026-06-01,Mono,86.7,26.5,Open-Meteo Archive / CHIRPS v2.0 (simulé seed=42)
2026-06-01,Collines,119.6,26.7,Open-Meteo Archive / CHIRPS v2.0 (simulé seed=42)
2026-06-01,Littoral,79.1,26.1,Open-Meteo Archive / CHIRPS v2.0 (simulé seed=42)
2026-06-01,Atacora,22.0,33.2,Open-Meteo Archive / CHIRPS v2.0 (simulé seed=42)
2026-06-01,Alibori,23.9,33.6,Open-Meteo Archive / CHIRPS v2.0 (simulé seed=42)
2026-06-01,Borgou,20.0,33.1,Open-Meteo Archive / CHIRPS v2.0 (simulé seed=42)
2026-06-08,Plateau,112.6,26.3,Open-Meteo Archive / CHIRPS v2.0 (simulé seed=42)
2026-06-08,Atlantique,92.0,26.7,Open-Meteo Archive / CHIRPS v2.0 (simulé seed=42)
2026-06-08,Donga,33.8,32.2,Open-Meteo Archive / CHIRPS v2.0 (simulé seed=42)
2026-06-08,Ouémé,113.4,26.2,Open-Meteo Archive / CHIRPS v2.0 (simulé seed=42)
2026-06-08,Couffo,75.3,26.4,Open-Meteo Archive / CHIRPS v2.0 (simulé seed=42)
2026-06-08,Zou,75.9,27.1,Open-Meteo Archive / CHIRPS v2.0 (simulé seed=42)
2026-06-08,Mono,99.2,26.5,Open-Meteo Archive / CHIRPS v2.0 (simulé seed=42)
2026-06-08,Collines,118.6,26.6,Open-Meteo Archive / CHIRPS v2.0 (simulé seed=42)
2026-06-08,Littoral,93.1,26.5,Open-Meteo Archive / CHIRPS v2.0 (simulé seed=42)
2026-06-08,Atacora,33.8,33.3,Open-Meteo Archive / CHIRPS v2.0 (simulé seed=42)
2026-06-08,Alibori,34.9,31.6,Open-Meteo Archive / CHIRPS v2.0 (simulé seed=42)
2026-06-08,Borgou,33.4,33.5,Open-Meteo Archive / CHIRPS v2.0 (simulé seed=42)
2026-06-15,Plateau,78.6,25.8,Open-Meteo Archive / CHIRPS v2.0 (simulé seed=42)
2026-06-15,Atlantique,94.6,26.7,Open-Meteo Archive / CHIRPS v2.0 (simulé seed=42)
2026-06-15,Donga,48.5,32.0,Open-Meteo Archive / CHIRPS v2.0 (simulé seed=42)
2026-06-15,Ouémé,95.6,26.7,Open-Meteo Archive / CHIRPS v2.0 (simulé seed=42)
2026-06-15,Couffo,90.6,26.4,Open-Meteo Archive / CHIRPS v2.0 (simulé seed=42)
2026-06-15,Zou,96.0,26.3,Open-Meteo Archive / CHIRPS v2.0 (simulé seed=42)
2026-06-15,Mono,94.7,26.5,Open-Meteo Archive / CHIRPS v2.0 (simulé seed=42)
2026-06-15,Collines,99.6,25.7,Open-Meteo Archive / CHIRPS v2.0 (simulé seed=42)
2026-06-15,Littoral,80.2,26.1,Open-Meteo Archive / CHIRPS v2.0 (simulé seed=42)
2026-06-15,Atacora,41.9,32.7,Open-Meteo Archive / CHIRPS v2.0 (simulé seed=42)
2026-06-15,Alibori,35.0,32.8,Open-Meteo Archive / CHIRPS v2.0 (simulé seed=42)
2026-06-15,Borgou,47.2,32.8,Open-Meteo Archive / CHIRPS v2.0 (simulé seed=42)
2026-06-22,Plateau,64.3,26.5,Open-Meteo Archive / CHIRPS v2.0 (simulé seed=42)
2026-06-22,Atlantique,55.8,26.7,Open-Meteo Archive / CHIRPS v2.0 (simulé seed=42)
2026-06-22,Donga,54.4,32.4,Open-Meteo Archive / CHIRPS v2.0 (simulé seed=42)
2026-06-22,Ouémé,84.3,26.0,Open-Meteo Archive / CHIRPS v2.0 (simulé seed=42)
2026-06-22,Couffo,71.8,26.5,Open-Meteo Archive / CHIRPS v2.0 (simulé seed=42)
2026-06-22,Zou,83.2,26.4,Open-Meteo Archive / CHIRPS v2.0 (simulé seed=42)
2026-06-22,Mono,74.4,26.4,Open-Meteo Archive / CHIRPS v2.0 (simulé seed=42)
2026-06-22,Collines,58.3,26.9,Open-Meteo Archive / CHIRPS v2.0 (simulé seed=42)
2026-06-22,Littoral,79.6,26.6,Open-Meteo Archive / CHIRPS v2.0 (simulé seed=42)
2026-06-22,Atacora,49.1,31.7,Open-Meteo Archive / CHIRPS v2.0 (simulé seed=42)
2026-06-22,Alibori,51.1,32.7,Open-Meteo Archive / CHIRPS v2.0 (simulé seed=42)
2026-06-22,Borgou,43.7,32.7,Open-Meteo Archive / CHIRPS v2.0 (simulé seed=42)
2026-06-29,Plateau,40.2,26.9,Open-Meteo Archive / CHIRPS v2.0 (simulé seed=42)
2026-06-29,Atlantique,41.6,26.7,Open-Meteo Archive / CHIRPS v2.0 (simulé seed=42)
2026-06-29,Donga,65.5,31.6,Open-Meteo Archive / CHIRPS v2.0 (simulé seed=42)
2026-06-29,Ouémé,47.5,26.7,Open-Meteo Archive / CHIRPS v2.0 (simulé seed=42)
2026-06-29,Couffo,44.3,27.1,Open-Meteo Archive / CHIRPS v2.0 (simulé seed=42)
2026-06-29,Zou,64.7,26.8,Open-Meteo Archive / CHIRPS v2.0 (simulé seed=42)
2026-06-29,Mono,63.8,26.0,Open-Meteo Archive / CHIRPS v2.0 (simulé seed=42)
2026-06-29,Collines,57.7,27.1,Open-Meteo Archive / CHIRPS v2.0 (simulé seed=42)
2026-06-29,Littoral,57.4,26.9,Open-Meteo Archive / CHIRPS v2.0 (simulé seed=42)
2026-06-29,Atacora,56.8,32.4,Open-Meteo Archive / CHIRPS v2.0 (simulé seed=42)
2026-06-29,Alibori,62.6,31.9,Open-Meteo Archive / CHIRPS v2.0 (simulé seed=42)
2026-06-29,Borgou,71.6,32.3,Open-Meteo Archive / CHIRPS v2.0 (simulé seed=42)
2026-07-06,Plateau,34.1,27.7,Open-Meteo Archive / CHIRPS v2.0 (simulé seed=42)
2026-07-06,Atlantique,29.6,27.6,Open-Meteo Archive / CHIRPS v2.0 (simulé seed=42)
2026-07-06,Donga,69.9,31.5,Open-Meteo Archive / CHIRPS v2.0 (simulé seed=42)
2026-07-06,Ouémé,39.5,26.3,Open-Meteo Archive / CHIRPS v2.0 (simulé seed=42)
2026-07-06,Couffo,42.7,27.4,Open-Meteo Archive / CHIRPS v2.0 (simulé seed=42)
2026-07-06,Zou,41.9,26.9,Open-Meteo Archive / CHIRPS v2.0 (simulé seed=42)
2026-07-06,Mono,28.0,26.9,Open-Meteo Archive / CHIRPS v2.0 (simulé seed=42)
2026-07-06,Collines,32.8,27.2,Open-Meteo Archive / CHIRPS v2.0 (simulé seed=42)
2026-07-06,Littoral,44.2,27.6,Open-Meteo Archive / CHIRPS v2.0 (simulé seed=42)
2026-07-06,Atacora,71.6,31.4,Open-Meteo Archive / CHIRPS v2.0 (simulé seed=42)
2026-07-06,Alibori,72.0,30.3,Open-Meteo Archive / CHIRPS v2.0 (simulé seed=42)
2026-07-06,Borgou,66.8,31.5,Open-Meteo Archive / CHIRPS v2.0 (simulé seed=42)
2026-07-13,Plateau,22.7,28.0,Open-Meteo Archive / CHIRPS v2.0 (simulé seed=42)
2026-07-13,Atlantique,22.6,27.3,Open-Meteo Archive / CHIRPS v2.0 (simulé seed=42)
2026-07-13,Donga,98.6,30.3,Open-Meteo Archive / CHIRPS v2.0 (simulé seed=42)
2026-07-13,Ouémé,18.3,26.9,Open-Meteo Archive / CHIRPS v2.0 (simulé seed=42)
2026-07-13,Couffo,20.0,27.6,Open-Meteo Archive / CHIRPS v2.0 (simulé seed=42)
2026-07-13,Zou,19.6,27.8,Open-Meteo Archive / CHIRPS v2.0 (simulé seed=42)
2026-07-13,Mono,27.3,27.4,Open-Meteo Archive / CHIRPS v2.0 (simulé seed=42)
2026-07-13,Collines,24.8,28.0,Open-Meteo Archive / CHIRPS v2.0 (simulé seed=42)
2026-07-13,Littoral,28.3,27.1,Open-Meteo Archive / CHIRPS v2.0 (simulé seed=42)
2026-07-13,Atacora,102.5,31.3,Open-Meteo Archive / CHIRPS v2.0 (simulé seed=42)
2026-07-13,Alibori,99.5,30.4,Open-Meteo Archive / CHIRPS v2.0 (simulé seed=42)
2026-07-13,Borgou,110.3,30.1,Open-Meteo Archive / CHIRPS v2.0 (simulé seed=42)
2026-07-20,Plateau,16.3,27.4,Open-Meteo Archive / CHIRPS v2.0 (simulé seed=42)
2026-07-20,Atlantique,15.4,27.9,Open-Meteo Archive / CHIRPS v2.0 (simulé seed=42)
2026-07-20,Donga,107.9,30.6,Open-Meteo Archive / CHIRPS v2.0 (simulé seed=42)
2026-07-20,Ouémé,13.4,27.8,Open-Meteo Archive / CHIRPS v2.0 (simulé seed=42)
2026-07-20,Couffo,10.7,27.3,Open-Meteo Archive / CHIRPS v2.0 (simulé seed=42)
2026-07-20,Zou,12.8,27.9,Open-Meteo Archive / CHIRPS v2.0 (simulé seed=42)
2026-07-20,Mono,14.1,28.2,Open-Meteo Archive / CHIRPS v2.0 (simulé seed=42)
2026-07-20,Collines,14.7,28.0,Open-Meteo Archive / CHIRPS v2.0 (simulé seed=42)
2026-07-20,Littoral,14.2,28.0,Open-Meteo Archive / CHIRPS v2.0 (simulé seed=42)
2026-07-20,Atacora,122.5,30.3,Open-Meteo Archive / CHIRPS v2.0 (simulé seed=42)
2026-07-20,Alibori,96.5,29.7,Open-Meteo Archive / CHIRPS v2.0 (simulé seed=42)
2026-07-20,Borgou,91.2,30.0,Open-Meteo Archive / CHIRPS v2.0 (simulé seed=42)
2026-07-27,Plateau,17.5,28.0,Open-Meteo Archive / CHIRPS v2.0 (simulé seed=42)
2026-07-27,Atlantique,22.2,28.5,Open-Meteo Archive / CHIRPS v2.0 (simulé seed=42)
2026-07-27,Donga,97.9,29.2,Open-Meteo Archive / CHIRPS v2.0 (simulé seed=42)
2026-07-27,Ouémé,11.9,28.5,Open-Meteo Archive / CHIRPS v2.0 (simulé seed=42)
2026-07-27,Couffo,20.7,27.7,Open-Meteo Archive / CHIRPS v2.0 (simulé seed=42)
2026-07-27,Zou,22.4,27.9,Open-Meteo Archive / CHIRPS v2.0 (simulé seed=42)
2026-07-27,Mono,6.8,28.0,Open-Meteo Archive / CHIRPS v2.0 (simulé seed=42)
2026-07-27,Collines,19.7,28.4,Open-Meteo Archive / CHIRPS v2.0 (simulé seed=42)
2026-07-27,Littoral,15.5,28.5,Open-Meteo Archive / CHIRPS v2.0 (simulé seed=42)
2026-07-27,Atacora,98.5,30.2,Open-Meteo Archive / CHIRPS v2.0 (simulé seed=42)
2026-07-27,Alibori,134.1,30.5,Open-Meteo Archive / CHIRPS v2.0 (simulé seed=42)
2026-07-27,Borgou,140.3,29.8,Open-Meteo Archive / CHIRPS v2.0 (simulé seed=42)
2026-08-03,Plateau,23.7,28.7,Open-Meteo Archive / CHIRPS v2.0 (simulé seed=42)
2026-08-03,Atlantique,6.5,28.1,Open-Meteo Archive / CHIRPS v2.0 (simulé seed=42)
2026-08-03,Donga,121.3,28.8,Open-Meteo Archive / CHIRPS v2.0 (simulé seed=42)
2026-08-03,Ouémé,18.6,28.3,Open-Meteo Archive / CHIRPS v2.0 (simulé seed=42)
2026-08-03,Couffo,7.8,29.0,Open-Meteo Archive / CHIRPS v2.0 (simulé seed=42)
2026-08-03,Zou,16.4,28.0,Open-Meteo Archive / CHIRPS v2.0 (simulé seed=42)
2026-08-03,Mono,6.6,27.5,Open-Meteo Archive / CHIRPS v2.0 (simulé seed=42)
2026-08-03,Collines,15.9,28.0,Open-Meteo Archive / CHIRPS v2.0 (simulé seed=42)
2026-08-03,Littoral,16.5,27.9,Open-Meteo Archive / CHIRPS v2.0 (simulé seed=42)
2026-08-03,Atacora,148.1,30.1,Open-Meteo Archive / CHIRPS v2.0 (simulé seed=42)
2026-08-03,Alibori,141.1,29.5,Open-Meteo Archive / CHIRPS v2.0 (simulé seed=42)
2026-08-03,Borgou,118.5,28.8,Open-Meteo Archive / CHIRPS v2.0 (simulé seed=42)
2026-08-10,Plateau,22.6,28.4,Open-Meteo Archive / CHIRPS v2.0 (simulé seed=42)
2026-08-10,Atlantique,13.6,28.6,Open-Meteo Archive / CHIRPS v2.0 (simulé seed=42)
2026-08-10,Donga,127.4,29.6,Open-Meteo Archive / CHIRPS v2.0 (simulé seed=42)
2026-08-10,Ouémé,13.2,28.8,Open-Meteo Archive / CHIRPS v2.0 (simulé seed=42)
2026-08-10,Couffo,13.3,28.1,Open-Meteo Archive / CHIRPS v2.0 (simulé seed=42)
2026-08-10,Zou,21.8,28.5,Open-Meteo Archive / CHIRPS v2.0 (simulé seed=42)
2026-08-10,Mono,15.7,28.6,Open-Meteo Archive / CHIRPS v2.0 (simulé seed=42)
2026-08-10,Collines,23.8,28.2,Open-Meteo Archive / CHIRPS v2.0 (simulé seed=42)
2026-08-10,Littoral,12.6,28.4,Open-Meteo Archive / CHIRPS v2.0 (simulé seed=42)
2026-08-10,Atacora,122.1,29.2,Open-Meteo Archive / CHIRPS v2.0 (simulé seed=42)
2026-08-10,Alibori,125.9,29.6,Open-Meteo Archive / CHIRPS v2.0 (simulé seed=42)
2026-08-10,Borgou,115.7,29.6,Open-Meteo Archive / CHIRPS v2.0 (simulé seed=42)
2026-08-17,Plateau,21.1,28.3,Open-Meteo Archive / CHIRPS v2.0 (simulé seed=42)
2026-08-17,Atlantique,16.5,28.9,Open-Meteo Archive / CHIRPS v2.0 (simulé seed=42)
2026-08-17,Donga,136.7,30.6,Open-Meteo Archive / CHIRPS v2.0 (simulé seed=42)
2026-08-17,Ouémé,16.2,28.2,Open-Meteo Archive / CHIRPS v2.0 (simulé seed=42)
2026-08-17,Couffo,9.3,28.7,Open-Meteo Archive / CHIRPS v2.0 (simulé seed=42)
2026-08-17,Zou,24.1,28.1,Open-Meteo Archive / CHIRPS v2.0 (simulé seed=42)
2026-08-17,Mono,10.6,28.1,Open-Meteo Archive / CHIRPS v2.0 (simulé seed=42)
2026-08-17,Collines,14.3,27.8,Open-Meteo Archive / CHIRPS v2.0 (simulé seed=42)
2026-08-17,Littoral,16.2,29.5,Open-Meteo Archive / CHIRPS v2.0 (simulé seed=42)
2026-08-17,Atacora,106.0,29.8,Open-Meteo Archive / CHIRPS v2.0 (simulé seed=42)
2026-08-17,Alibori,115.6,29.5,Open-Meteo Archive / CHIRPS v2.0 (simulé seed=42)
2026-08-17,Borgou,134.2,29.6,Open-Meteo Archive / CHIRPS v2.0 (simulé seed=42)
2026-08-24,Plateau,9.5,27.9,Open-Meteo Archive / CHIRPS v2.0 (simulé seed=42)
2026-08-24,Atlantique,17.8,29.4,Open-Meteo Archive / CHIRPS v2.0 (simulé seed=42)
2026-08-24,Donga,139.1,30.5,Open-Meteo Archive / CHIRPS v2.0 (simulé seed=42)
2026-08-24,Ouémé,18.9,29.3,Open-Meteo Archive / CHIRPS v2.0 (simulé seed=42)
2026-08-24,Couffo,13.4,29.0,Open-Meteo Archive / CHIRPS v2.0 (simulé seed=42)
2026-08-24,Zou,9.8,28.5,Open-Meteo Archive / CHIRPS v2.0 (simulé seed=42)
2026-08-24,Mono,20.5,28.9,Open-Meteo Archive / CHIRPS v2.0 (simulé seed=42)
2026-08-24,Collines,21.9,28.5,Open-Meteo Archive / CHIRPS v2.0 (simulé seed=42)
2026-08-24,Littoral,10.0,28.6,Open-Meteo Archive / CHIRPS v2.0 (simulé seed=42)
2026-08-24,Atacora,99.4,29.3,Open-Meteo Archive / CHIRPS v2.0 (simulé seed=42)
2026-08-24,Alibori,123.1,29.1,Open-Meteo Archive / CHIRPS v2.0 (simulé seed=42)
2026-08-24,Borgou,136.8,30.5,Open-Meteo Archive / CHIRPS v2.0 (simulé seed=42)
2026-08-31,Plateau,10.7,28.3,Open-Meteo Archive / CHIRPS v2.0 (simulé seed=42)
2026-08-31,Atlantique,12.5,28.9,Open-Meteo Archive / CHIRPS v2.0 (simulé seed=42)
2026-08-31,Donga,129.8,30.6,Open-Meteo Archive / CHIRPS v2.0 (simulé seed=42)
2026-08-31,Ouémé,11.3,28.5,Open-Meteo Archive / CHIRPS v2.0 (simulé seed=42)
2026-08-31,Couffo,15.6,29.0,Open-Meteo Archive / CHIRPS v2.0 (simulé seed=42)
2026-08-31,Zou,17.1,28.8,Open-Meteo Archive / CHIRPS v2.0 (simulé seed=42)
2026-08-31,Mono,13.0,29.0,Open-Meteo Archive / CHIRPS v2.0 (simulé seed=42)
2026-08-31,Collines,11.0,28.5,Open-Meteo Archive / CHIRPS v2.0 (simulé seed=42)
2026-08-31,Littoral,11.4,30.0,Open-Meteo Archive / CHIRPS v2.0 (simulé seed=42)
2026-08-31,Atacora,131.0,30.5,Open-Meteo Archive / CHIRPS v2.0 (simulé seed=42)
2026-08-31,Alibori,95.4,31.2,Open-Meteo Archive / CHIRPS v2.0 (simulé seed=42)
2026-08-31,Borgou,89.9,30.6,Open-Meteo Archive / CHIRPS v2.0 (simulé seed=42)
